dt1,dt2,l1,l2,r1,r2,t1,t2,th1,th2,v1,v2,x1,x2,xm1,xm2,y1,y2,ym1,ym2,eSpeed1,eSpeed2,pwm1,pwm2,vCtrl1,vCtrl2,xKalman1,yKalman1,xKalman2,yKalman2,xPred1,yPred1,xPred2,yPred2,State1,State2
0,0,0,0,0,0,0,0,0,0,0,0,0,0,0,0,0,0,0,0,0,0,650,700,0,0,0.187,1.462,0.182,0.442,0.187,1.462,0.182,0.442,init,init
0.12,0.03,0.55851,1.5786,1,4,3,4,270,-81.142,0,0,0.165,0.16856,0.187,0.182,1.462,0.442,1.462,0.442,0.012,0.003,653,700.75,0.012,0.003,0.187,1.462,0.182,0.442,0.187,1.462,0.182,0.442,strt,accl
0.24,0.06,0.55897,1.5785,1,4,3,4,270,-81.17,0.06,0,0.165,0.16854,0.187,0.181,1.4615,0.44216,1.462,0.442,-0.012,0.003,650,701.5,0,0.006,0.18654,1.4615,0.18116,0.44216,0.187,1.4548,0.182,0.442,sync,accl
0.36,0.09,0.55902,1.5786,1,4,3,4,270,-81.17,0.06,0,0.165,0.16856,0.187,0.181,1.4615,0.44205,1.462,0.442,0.012,0.003,653,702.25,0.012,0.009,0.18648,1.4615,0.18105,0.44205,0.187,1.4476,0.182,0.442,strt,accl
0.48,0.13,0.55949,1.5832,1,4,3,4,270,-80.267,0.12,0.06,0.165,0.16927,0.187,0.181,1.461,0.43749,1.462,0.437,-0.006,0.004,651.5,703.25,0.006,0.013,0.18602,1.461,0.18149,0.43749,0.187,1.4332,0.18241,0.43963,sync,accl
0.6,0.16,0.55955,1.5838,1,4,3,4,270,-80.267,0.12,0.06,0.165,0.16936,0.187,0.181,1.461,0.43693,1.462,0.437,0.006,0.003,653,704,0.012,0.016,0.18596,1.461,0.18093,0.43693,0.187,1.4188,0.18271,0.43786,sync,accl
0.72,0.19,0.55956,1.5842,1,4,3,4,270,-80.267,0.12,0.14,0.165,0.16944,0.187,0.181,1.461,0.43645,1.462,0.437,0.001,0.003,653.25,704.75,0.013,0.019,0.18595,1.461,0.18045,0.43645,0.187,1.4044,0.18342,0.43372,sync,accl
0.84,0.22,0.55956,1.5844,1,4,3,4,270,-80.267,0.12,0.14,0.165,0.16947,0.187,0.181,1.461,0.43629,1.462,0.437,0.0027692,0.003,653.94,705.5,0.015769,0.022,0.18595,1.461,0.18029,0.43629,0.187,1.39,0.18413,0.42958,sync,accl
0.96,0.26,0.58621,1.5848,1,4,3,4,270,-80.267,0.21,0.18,0.165,0.16954,0.183,0.181,1.4343,0.43585,1.434,0.437,0.0024585,0.004,654.56,706.5,0.018228,0.026,0.1833,1.4343,0.17985,0.43585,0.187,1.3648,0.18535,0.42248,sync,accl
1.08,0.28,0.58807,1.6097,1,5,3,4,270,-74.925,0.21,0.18,0.165,0.17465,0.183,0.193,1.4324,0.41138,1.434,0.41,0.0024834,0.002,655.18,707,0.020711,0.028,0.18144,1.4324,0.19438,0.41138,0.187,1.3396,0.18628,0.41901,sync,accl
1.2,0.3,0.58892,1.6111,1,5,3,4,270,-74.925,0.29,0.18,0.165,0.17499,0.183,0.193,1.4316,0.41004,1.434,0.41,0.0030643,0.002,655.94,707.5,0.023776,0.03,0.18059,1.4316,0.19304,0.41004,0.187,1.3048,0.18722,0.41553,sync,accl
1.32,0.33,0.65071,1.612,1,5,3,4,270,-74.925,0.29,0.21,0.165,0.17521,0.181,0.193,1.3698,0.40917,1.368,0.41,0.0021322,0.003,656.48,708.25,0.025908,0.033,0.1828,1.3698,0.19217,0.40917,0.187,1.27,0.18886,0.40945,sync,accl
1.44,0.36,0.65449,1.6121,1,5,3,4,270,-74.925,0.29,0.21,0.165,0.17525,0.181,0.193,1.366,0.40902,1.368,0.41,0.0018955,0.003,656.95,709,0.027803,0.036,0.17902,1.366,0.19202,0.40902,0.187,1.2352,0.1905,0.40337,sync,accl
1.56,0.39,0.6555,1.6634,1,5,3,4,270,-63.26,0.36,0.22,0.165,0.19217,0.181,0.228,1.365,0.35991,1.368,0.358,0.002243,0.003,657.51,709.75,0.030046,0.039,0.178,1.365,0.22991,0.35991,0.187,1.192,0.19347,0.39747,sync,accl
1.68,0.42,0.65563,1.6653,1,5,3,4,270,-63.26,0.36,0.22,0.165,0.19295,0.181,0.228,1.3649,0.35814,1.368,0.358,0.0023779,0.003,658.11,710.5,0.032424,0.042,0.17788,1.3649,0.22814,0.35814,0.187,1.1488,0.19644,0.39158,sync,accl
1.8,0.45,0.65565,1.6659,1,5,3,4,270,-63.26,0.36,0.22,0.165,0.1932,0.181,0.228,1.3649,0.35758,1.368,0.358,0.0024337,0.003,658.71,711.25,0.034858,0.045,0.17786,1.3649,0.22758,0.35758,0.187,1.1056,0.19941,0.38568,sync,accl
1.92,0.48,0.75828,1.6661,1,5,3,4,270,-63.26,0.41,0.25,0.165,0.1933,0.169,0.228,1.2622,0.35735,1.258,0.358,0.0024588,0.003,659.33,712,0.037317,0.048,0.17322,1.2622,0.22735,0.35735,0.187,1.0564,0.20278,0.37899,sync,accl
2.04,0.51,0.7651,1.8333,1,5,3,5,270,-44.412,0.41,0.25,0.165,0.29618,0.169,0.297,1.2554,0.22912,1.258,0.293,0.0024708,0.003,659.95,712.75,0.039787,0.051,0.16641,1.2554,0.29618,0.29218,0.187,1.0072,0.20814,0.37374,sync,accl
2.11,0.53,0.76462,1.834,1,6,3,5,270,-44.412,0.4,0.25,0.165,0.29676,0.169,0.297,1.2559,0.22869,1.258,0.293,0.007,0.002,661.7,713.25,0.046787,0.053,0.16689,1.2559,0.29676,0.29276,0.187,0.9792,0.21171,0.37024,accl,accl
2.23,0.56,0.91918,1.8343,1,6,3,5,270,-44.412,0.4,0.27,0.165,0.29693,0.163,0.297,1.1013,0.22856,1.09,0.293,0.0010805,0.003,661.97,714,0.047868,0.056,0.17433,1.1013,0.29693,0.29293,0.187,0.9312,0.2175,0.36457,sync,accl
2.35,0.59,0.93213,1.8343,1,6,3,5,270,-44.412,0.4,0.27,0.165,0.297,0.163,0.297,1.0884,0.22851,1.09,0.293,0.0012866,0.003,662.29,714.75,0.049154,0.059,0.16138,1.0884,0.297,0.293,0.187,0.8832,0.22328,0.3589,sync,accl
2.47,0.62,0.93407,1.8344,1,6,3,5,270,-44.412,0.44,0.25,0.165,0.29702,0.163,0.297,1.0864,0.2285,1.09,0.293,0.0016712,0.003,662.71,715.5,0.050826,0.062,0.15944,1.0864,0.29702,0.29302,0.187,0.8304,0.22864,0.35365,sync,accl
2.51,0.65,0.93208,1.8344,1,6,3,5,270,-44.412,0.44,0.25,0.165,0.29702,0.163,0.297,1.0884,0.2285,1.09,0.293,0.00064333,0.003,662.87,716.25,0.051469,0.065,0.16143,1.0884,0.29702,0.29302,0.187,0.8128,0.234,0.3484,sync,accl
2.55,0.68,0.93319,1.8344,1,6,3,5,270,-44.412,0.44,0.25,0.165,0.29702,0.163,0.297,1.0873,0.22849,1.09,0.293,0.00081844,0.003,663.07,717,0.052287,0.068,0.16032,1.0873,0.29702,0.29302,0.187,0.7952,0.23935,0.34316,sync,accl
2.62,0.71,1.1209,1.8344,1,6,3,5,270,-44.412,0.44,0.31,0.165,0.29703,0.164,0.297,0.89963,0.22849,0.876,0.293,0.0017019,0.003,663.5,717.75,0.053989,0.071,0.18763,0.89963,0.29703,0.29303,0.187,0.7644,0.246,0.33665,sync,accl
2.74,0.74,1.1447,2.0687,1,6,3,6,270,360,0.41,0.31,0.165,0.51766,0.164,0.538,0.87581,0.165,0.876,0.191,0.0031141,-0.0075,664.28,715.88,0.057103,0.0635,0.16381,0.87581,0.51766,0.17066,0.187,0.7152,0.2553,0.33665,sync,brak
2.83,0.77,1.145,2.0843,1,6,3,6,270,360,0.08,0.35,0.165,0.53326,0.164,0.538,0.87552,0.165,0.876,0.191,0.0054756,-0.0075,665.64,714,0.062579,0.056,0.16352,0.87552,0.53326,0.18626,0.187,0.708,0.2658,0.33665,sync,brak
2.95,0.8,1.1453,2.0892,1,6,3,6,270,360,0.08,0.35,0.165,0.53816,0.164,0.538,0.87517,0.165,0.876,0.191,0.00044154,-0.0075,665.76,712.13,0.063021,0.0485,0.16317,0.87517,0.53816,0.19116,0.187,0.6984,0.2763,0.33665,sync,brak
3.07,0.83,1.3473,2.0907,1,6,3,6,270,360,0.08,0.35,0.165,0.5397,0.177,0.538,0.67316,0.165,0.661,0.191,-0.003342,-0.0075,664.92,710.25,0.059678,0.041,0.18916,0.67316,0.5397,0.1927,0.187,0.6888,0.2868,0.33665,sync,brak
3.19,0.86,1.3586,2.2345,1,6,3,6,270,360,0.08,0.38,0.165,0.68347,0.177,0.705,0.66193,0.165,0.661,0.176,-0.0056194,-0.0075,663.51,708.38,0.054059,0.0335,0.17793,0.66193,0.68347,0.15447,0.187,0.6792,0.2982,0.33665,sync,brak
3.31,0.89,1.3594,2.251,1,6,3,6,270,360,0,0.38,0.165,0.70003,0.177,0.705,0.66112,0.165,0.661,0.176,-0.0072471,-0.0075,661.7,706.5,0.046812,0.026,0.17712,0.66112,0.70003,0.17103,0.187,0.6792,0.3096,0.33665,sync,brak
3.43,0.92,1.3595,2.2564,1,6,3,6,270,360,0,0.41,0.165,0.70537,0.177,0.705,0.66102,0.165,0.661,0.176,-0.0085311,-0.0075,659.57,704.63,0.038281,0.0185,0.17702,0.66102,0.70537,0.17637,0.187,0.6792,0.3219,0.33665,sync,brak
3.55,0.95,1.5526,2.2581,1,6,4,6,-83.014,360,0.01,0.41,0.16575,0.70705,0.237,0.705,0.46795,0.165,0.459,0.176,-0.0096243,-0.0075,657.16,702.75,0.028657,0.011,0.24595,0.46795,0.70705,0.17805,0.18715,0.67801,0.3342,0.33665,sync,brak
3.67,0.98,1.5605,2.4288,1,6,4,6,-83.014,360,0.01,0.41,0.16638,0.87781,0.237,0.906,0.46007,0.165,0.459,0.171,-0.010633,-0.0075,654.51,700.88,0.018024,0.0035,0.23807,0.46007,0.87781,0.14281,0.18729,0.67682,0.3465,0.33665,sync,brak
3.79,1.01,1.5614,2.4501,1,6,4,6,-83.014,360,0,0.41,0.16647,0.89908,0.237,0.906,0.45914,0.165,0.459,0.171,-0.011691,-0.0075,651.58,700,0.0063329,-0.004,0.23714,0.45914,0.89908,0.16408,0.18729,0.67682,0.3588,0.33665,sync,brak
3.91,1.04,1.5615,2.4568,1,6,4,6,-83.014,360,0,0.42,0.16648,0.90581,0.237,0.906,0.45902,0.165,0.459,0.171,-0.01342,0.004,650,701,-0.0070871,0,0.23702,0.45902,0.90581,0.17081,0.18729,0.67682,0.3714,0.33665,sync,stop
4,1.07,2.1994,2.4589,1,6,6,6,360,360,0,0.42,0.33162,0.90792,0.328,0.906,0.165,0.165,0.311,0.171,0.0070871,0,651.77,700,0,0,0.33162,0.31462,0.90792,0.17292,0.18729,0.67682,0.384,0.33665,stop,wait
4.06,1.09,2.2014,2.6394,1,7,6,6,360,360,0.23,0.42,0.32965,1.0884,0.328,1.121,0.165,0.165,0.311,0.176,0.006,0,653.27,700,0.006,0,0.32965,0.31265,1.0884,0.1434,0.20109,0.67682,0.3924,0.33665,accl,wait
4.18,1.12,2.1998,2.6622,1,7,6,6,360,360,0.23,0.41,0.33119,1.1112,0.328,1.121,0.165,0.165,0.311,0.176,-0.012,0,650.27,700,-0.006,0,0.33119,0.31419,1.1112,0.16615,0.22869,0.67682,0.4047,0.33665,sync,wait
4.3,1.15,2.2008,2.6708,1,7,6,6,360,360,0.23,0.41,0.33018,1.1198,0.328,1.121,0.165,0.165,0.311,0.176,0.006,0,651.77,700,0,0,0.33018,0.31318,1.1198,0.17482,0.25629,0.67682,0.417,0.33665,stop,wait
4.34,1.18,2.0022,2.6724,1,7,5,6,-7.072,360,0.34,0.15,0.45536,1.1213,0.457,1.121,0.16685,0.165,0.224,0.176,0.004,0,652.77,700,0.004,0,0.45536,0.22236,1.1213,0.17634,0.26979,0.67514,0.4215,0.33665,strt,wait
4.38,1.21,2.0048,2.844,1,7,5,6,-7.072,360,0.34,0.15,0.4581,1.293,0.457,1.325,0.16657,0.165,0.224,0.181,-0.004,0.003,651.77,700.75,0,0.003,0.4581,0.2251,1.293,0.14901,0.28328,0.67347,0.426,0.33665,sync,accl
4.5,1.24,2.0085,2.8667,1,7,5,6,-7.072,360,0.34,0.15,0.46203,1.3157,0.457,1.325,0.16621,0.165,0.224,0.181,0.012,0.003,654.77,701.5,0.012,0.006,0.46203,0.22903,1.3157,0.17166,0.32377,0.66845,0.4305,0.33665,strt,accl
4.62,1.27,2.0067,2.8731,1,7,5,6,-7.072,360,0.36,0,0.46008,1.3221,0.457,1.325,0.16638,0.165,0.224,0.181,-0.009,0.003,652.52,702.25,0.003,0.009,0.46008,0.22708,1.3221,0.17807,0.36665,0.66313,0.4305,0.33665,sync,accl
4.74,1.3,2.172,2.8751,1,7,6,6,360,360,0.36,0,0.621,1.3241,0.626,1.325,0.165,0.165,0.183,0.181,0.012,0.003,655.52,703,0.015,0.012,0.621,0.178,1.3241,0.18008,0.40985,0.66313,0.4305,0.33665,sync,accl
4.86,1.33,2.1794,2.8762,1,7,6,6,360,360,0.4,0.09,0.62841,1.3251,0.626,1.325,0.165,0.165,0.183,0.181,-0.0048,0.003,654.32,703.75,0.0102,0.015,0.62841,0.18541,1.3251,0.18114,0.45785,0.66313,0.4332,0.33665,sync,accl
4.98,1.36,2.1804,2.8765,1,7,6,6,360,360,0.4,0.09,0.62935,1.3255,0.626,1.325,0.165,0.165,0.183,0.181,0.0021176,0.003,654.85,704.5,0.012318,0.018,0.62935,0.18635,1.3255,0.18147,0.50585,0.66313,0.4359,0.33665,sync,accl
5.1,1.39,2.1805,2.8766,1,7,6,6,360,360,0.4,0.09,0.62947,1.3256,0.626,1.325,0.165,0.165,0.183,0.181,0.0026132,0.003,655.5,705.25,0.014931,0.021,0.62947,0.18647,1.3256,0.18157,0.55385,0.66313,0.4386,0.33665,sync,accl
5.22,1.42,2.361,2.8769,1,7,6,6,360,360,0.41,0.15,0.80994,1.3259,0.818,1.325,0.165,0.165,0.174,0.181,0.0024667,0.003,656.12,706,0.017398,0.024,0.80994,0.16594,1.3259,0.18189,0.60305,0.66313,0.4431,0.33665,sync,accl
5.34,1.45,2.3711,2.877,1,7,6,6,360,360,0.41,0.15,0.8201,1.326,0.818,1.325,0.165,0.165,0.174,0.181,0.0024848,0.003,656.74,706.75,0.019882,0.027,0.8201,0.1761,1.326,0.18198,0.65225,0.66313,0.4476,0.33665,sync,accl
5.46,1.47,2.3724,3.1054,1,8,6,7,360,17.944,0.41,0.16,0.82139,1.5542,0.818,1.601,0.165,0.16802,0.174,0.209,0.0024852,0.002,657.36,707.25,0.022368,0.029,0.82139,0.17739,1.5542,0.16223,0.70145,0.66313,0.45064,0.33763,sync,accl
5.58,1.49,2.3726,3.1359,1,8,6,7,360,17.944,0.42,0.16,0.82163,1.5843,0.818,1.601,0.165,0.17362,0.174,0.209,0.0024853,0.002,657.98,707.75,0.024853,0.031,0.82163,0.17763,1.5843,0.19234,0.75185,0.66313,0.45369,0.33862,sync,accl
5.65,1.52,2.5829,3.1476,1,8,6,7,360,17.944,0.42,0.16,1.0319,1.5958,1.043,1.601,0.165,0.17653,0.161,0.209,0.0011681,0.003,658.28,708.5,0.026021,0.034,1.0319,0.14986,1.5958,0.20381,0.78125,0.66313,0.45825,0.3401,sync,accl
5.71,1.55,2.5943,3.1524,1,8,6,7,360,17.944,0.42,0.19,1.0433,1.6005,1.043,1.601,0.165,0.17785,0.161,0.209,0.0011481,0.003,658.56,709.25,0.027169,0.037,1.0433,0.16127,1.6005,0.20849,0.80645,0.66313,0.46367,0.34185,sync,accl
5.83,1.58,2.5993,3.1539,1,8,6,7,360,17.944,0.42,0.19,1.0483,1.602,1.043,1.601,0.165,0.17828,0.161,0.209,0.0030171,0.003,659.32,710,0.030186,0.04,1.0483,0.16629,1.602,0.20997,0.85685,0.66313,0.4691,0.34361,sync,accl
5.95,1.61,2.5979,3.1545,1,8,6,7,360,17.944,0.42,0.2,1.0469,1.6025,1.043,1.601,0.165,0.17844,0.161,0.209,0.0027087,0.003,660,710.75,0.032895,0.043,1.0469,0.16491,1.6025,0.21049,0.90725,0.66313,0.47481,0.34546,sync,accl
6.02,1.64,2.8102,3.1546,1,8,6,7,360,17.944,0.1,0.2,1.2591,1.6027,1.273,1.601,0.165,0.17849,0.164,0.209,0.001512,0.003,660.37,711.5,0.034407,0.046,1.2591,0.15014,1.6027,0.21065,0.91425,0.66313,0.48051,0.34731,sync,accl
6.14,1.67,2.8226,3.228,1,8,6,7,360,39.627,0.1,0.26,1.2715,1.6714,1.273,1.693,0.165,0.2079,0.164,0.269,0.002997,0.003,661.12,712.25,0.037404,0.049,1.2715,0.16254,1.6714,0.24739,0.92625,0.66313,0.48652,0.35228,sync,accl
6.19,1.69,2.8242,3.246,1,9,6,7,360,39.627,0.1,0.26,1.2731,1.6874,1.273,1.693,0.165,0.21767,0.164,0.269,0.0011491,0.002,661.41,712.75,0.038553,0.051,1.2731,0.16413,1.6874,0.26337,0.93125,0.66313,0.49053,0.3556,sync,accl
6.26,1.71,2.824,3.2517,1,9,6,7,360,39.627,0,0.26,1.273,1.6923,1.273,1.693,0.165,0.22092,0.164,0.269,0.0018969,0.002,661.88,713.25,0.04045,0.053,1.273,0.16403,1.6923,0.26827,0.93125,0.66313,0.49453,0.35891,sync,accl
6.38,1.74,2.824,3.2548,1,9,6,7,360,39.627,0,0.28,1.273,1.695,1.273,1.693,0.165,0.22277,0.164,0.269,0.0031299,0.003,662.67,714,0.04358,0.056,1.273,0.16401,1.695,0.27097,0.93125,0.66313,0.501,0.36427,sync,accl
6.44,1.77,2.8241,3.2554,1,9,6,7,360,39.627,0.02,0.28,1.2731,1.6955,1.273,1.693,0.165,0.22316,0.164,0.269,0.001297,0.003,662.99,714.75,0.044877,0.059,1.2731,0.16408,1.6955,0.27153,0.93245,0.66313,0.50747,0.36963,sync,accl
6.47,1.8,2.8241,3.4207,1,9,6,8,360,63.057,0.02,0.28,1.2731,1.8008,1.273,1.752,0.165,0.34488,0.164,0.367,0.00074359,0.003,663.18,715.5,0.04562,0.062,1.2731,0.16408,1.7299,0.34488,0.93305,0.66313,0.51128,0.37712,sync,accl
6.48,1.83,2.8241,3.4388,1,9,6,8,360,63.057,0.02,0.24,1.2731,1.8086,1.273,1.752,0.165,0.36158,0.164,0.367,0.00029329,0.003,663.25,716.25,0.045914,0.065,1.2731,0.16405,1.7466,0.36158,0.93325,0.66313,0.51454,0.38354,sync,accl
6.6,1.86,3.1385,3.4444,1,9,7,8,177.23,63.057,0,0.24,1.4331,1.8108,1.497,1.752,0.17424,0.36682,0.221,0.367,0.0042044,0.003,664.3,717,0.050118,0.068,1.4331,0.15706,1.7518,0.36682,0.93325,0.66313,0.5178,0.38995,sync,accl
6.72,1.89,3.0825,3.4466,1,9,7,8,177.23,63.057,0,0.31,1.4885,1.8116,1.497,1.752,0.16571,0.3689,0.221,0.367,0.0035633,0.003,665.19,717.75,0.053681,0.071,1.4885,0.21253,1.7539,0.3689,0.93325,0.66313,0.52202,0.39825,sync,accl
6.84,1.92,3.0751,3.5842,1,9,7,9,177.23,450,0,0.31,1.4959,1.835,1.497,1.793,0.16531,0.47728,0.221,0.503,0.0032009,0.003,665.99,718.5,0.056882,0.074,1.4959,0.21992,1.7673,0.47728,0.93325,0.66313,0.52202,0.40755,sync,accl
6.96,1.95,3.0742,3.5781,1,9,7,9,177.23,450,0,0.36,1.4969,1.835,1.497,1.793,0.16527,0.49662,0.221,0.503,0.0029784,0.003,666.74,719.25,0.05986,0.077,1.4969,0.22086,1.7866,0.49662,0.93325,0.66313,0.52202,0.41835,sync,accl
7.05,1.98,3.7671,3.5842,1,9,9,9,450,450,0,0.36,1.835,1.835,1.668,1.793,0.29441,0.50269,0.311,0.503,-0.0225,0.003,661.11,720,0.03736,0.08,1.6514,0.29441,1.7927,0.50269,0.93325,0.66313,0.52202,0.42915,brak,accl
7.11,2.01,3.7515,3.5861,1,9,9,9,450,450,0.35,0.36,1.835,1.835,1.668,1.793,0.31004,0.5046,0.311,0.503,-0.015,0.003,657.36,720.75,0.02236,0.083,1.667,0.31004,1.7946,0.5046,0.93325,0.68413,0.52202,0.43995,brak,accl
7.17,2.04,3.7486,3.7368,1,9,9,9,450,450,0.35,0.38,1.835,1.835,1.668,1.831,0.31297,0.6553,0.311,0.688,-0.015,0.003,653.61,721.5,0.0073604,0.086,1.67,0.31297,1.7983,0.6553,0.93325,0.70513,0.52202,0.45135,brak,accl
7.29,2.07,3.7457,3.7611,1,9,9,9,450,450,0.35,0.38,1.835,1.835,1.668,1.831,0.31579,0.67952,0.311,0.688,-0.03,0.003,650,722.25,-0.02264,0.089,1.6728,0.31579,1.8225,0.67952,0.93325,0.74713,0.52202,0.46275,brak,accl
7.32,2.1,3.5201,3.7687,1,9,8,9,83.41,450,0.31,0.38,1.8315,1.835,1.787,1.831,0.44221,0.68713,0.458,0.688,0.02264,0.003,655.66,723,0,0.092,1.7712,0.44221,1.8301,0.68713,0.93431,0.75637,0.52202,0.47415,stop,accl
7.44,2.13,3.5366,3.771,1,9,8,9,83.41,450,0.31,0.38,1.8336,1.835,1.787,1.831,0.45943,0.68952,0.458,0.688,0.012,0.003,658.66,723.75,0.012,0.095,1.7884,0.45943,1.8325,0.68952,0.93858,0.79332,0.52202,0.48555,accl,accl
7.47,2.16,3.5362,3.7718,1,9,8,9,83.41,450,0.38,0.38,1.8335,1.835,1.787,1.831,0.45901,0.69026,0.458,0.688,-0.0075,0.003,656.78,724.5,0.0045,0.098,1.788,0.45901,1.8333,0.69026,0.93989,0.80464,0.52202,0.49695,brak,accl
7.5,2.19,3.5373,3.772,1,9,8,9,83.41,450,0.38,0.38,1.8336,1.835,1.787,1.831,0.46017,0.6905,0.458,0.688,-0.0075,0.003,654.91,725.25,-0.003,0.101,1.7892,0.46017,1.8335,0.6905,0.9412,0.81597,0.52202,0.50835,brak,accl
7.53,2.22,3.5377,3.7721,1,9,8,9,83.41,450,0.38,0.38,1.8337,1.835,1.787,1.831,0.46065,0.69057,0.458,0.688,0.003,0.003,655.66,726,0,0.104,1.7897,0.46065,1.8336,0.69057,0.94251,0.82729,0.52202,0.51975,stop,accl
7.56,2.25,3.5379,3.7721,1,9,8,9,83.41,450,0.38,0.38,1.8337,1.835,1.787,1.831,0.46081,0.6906,0.458,0.688,0.003,0.003,656.41,726.75,0.003,0.107,1.7898,0.46081,1.8336,0.6906,0.94382,0.83862,0.52202,0.53115,accl,accl
7.59,2.28,3.5379,3.7721,1,9,8,9,83.41,450,0.38,0.38,1.8337,1.835,1.787,1.831,0.46087,0.6906,0.458,0.688,-0.0075,0.003,654.53,727.5,-0.0045,0.11,1.7899,0.46087,1.8336,0.6906,0.94512,0.84994,0.52202,0.54255,brak,accl
7.66,2.3,3.5404,3.7715,1,10,8,9,83.41,450,0.38,0.38,1.8339,1.835,1.787,1.831,0.46353,0.69001,0.458,0.688,0.0045,0.002,655.66,728,0,0.112,1.7925,0.46353,1.833,0.69001,0.94818,0.87637,0.52202,0.55015,stop,accl
7.69,2.33,3.5374,3.7725,1,10,8,9,83.41,450,0.38,0.39,1.8336,1.835,1.787,1.831,0.46028,0.69093,0.458,0.688,0.003,0.003,656.41,728.75,0.003,0.115,1.7893,0.46028,1.8339,0.69093,0.94948,0.88769,0.52202,0.56185,accl,accl
7.73,2.36,3.8397,3.7723,1,10,9,9,450,450,0.38,0.39,1.835,1.835,1.859,1.831,0.75822,0.69081,0.821,0.688,-0.01,0.003,653.91,729.5,-0.007,0.118,1.7962,0.75822,1.8338,0.69081,0.94948,0.90289,0.52202,0.57355,brak,accl
7.77,2.39,3.8876,4.1422,1,10,9,9,450,450,0.38,0.31,1.835,1.835,1.859,1.834,0.80608,1.0607,0.821,1.128,0.007,0.003,655.66,730.25,0,0.121,1.8441,0.80608,1.7667,1.0607,0.94948,0.91809,0.52202,0.58285,stop,accl
7.8,2.42,3.9001,4.1899,1,10,9,9,450,450,0.38,0.31,1.835,1.835,1.859,1.834,0.81853,1.1083,0.821,1.128,0,0.003,650,731,0,0.124,1.8565,0.81853,1.8143,1.1083,0.94948,0.92949,0.52202,0.59215,wait,accl
7.82,2.45,4.0744,4.2047,1,10,9,9,450,450,0.38,0.29,1.835,1.835,1.871,1.834,0.99284,1.1232,1.026,1.128,0,0.003,650,731.75,0,0.127,1.8378,0.99284,1.8292,1.1232,0.94948,0.93709,0.52202,0.60085,wait,accl
7.85,2.47,4.0974,4.2089,1,11,9,9,450,450,0.39,0.29,1.835,1.835,1.871,1.834,1.0158,1.1274,1.026,1.128,0,0.002,650,732.25,0,0.129,1.8608,1.0158,1.8334,1.1274,0.94948,0.94879,0.52202,0.60665,wait,accl
7.89,2.5,4.1068,4.4178,1,11,9,9,450,450,0.39,0.3,1.835,1.835,1.871,1.807,1.0252,1.3363,1.026,1.376,0,0.003,650,733,0,0.132,1.8702,1.0252,1.7673,1.3363,0.94948,0.96439,0.52202,0.61565,wait,accl
8.01,2.53,4.1116,4.4463,1,11,9,9,450,450,0.26,0.3,1.835,1.835,1.871,1.807,1.03,1.3648,1.026,1.376,0,0.003,650,733.75,0,0.135,1.875,1.03,1.7958,1.3648,0.94948,0.99559,0.52202,0.62465,wait,accl
8.09,2.56,4.2937,4.4554,1,11,9,9,450,450,0.26,0.3,1.835,1.835,1.856,1.807,1.2122,1.3739,1.222,1.376,0.008,0.003,652,734.5,0.008,0.138,1.8462,1.2122,1.8049,1.3739,0.94948,1.0164,0.52202,0.63365,accl,accl
8.21,2.59,4.3023,4.6514,1,11,9,10,450,109.84,0.04,0.31,1.835,1.8295,1.856,1.74,1.2207,1.5697,1.222,1.593,0.012,0.003,655,735.25,0.02,0.141,1.8547,1.2207,1.7167,1.5697,0.94948,1.0212,0.51886,0.64239,accl,accl
8.31,2.61,4.3036,4.6683,1,12,9,10,450,109.84,0.04,0.31,1.835,1.8259,1.856,1.74,1.2221,1.5863,1.222,1.593,0.059,0.002,669.75,735.75,0.079,0.143,1.8561,1.2221,1.7333,1.5863,0.94948,1.0252,0.51675,0.64822,sync,accl
8.41,2.64,4.3038,4.6738,1,12,9,10,450,109.84,0.04,0.32,1.835,1.8246,1.856,1.74,1.2223,1.5916,1.222,1.593,0.0078481,0.003,671.71,736.5,0.086848,0.146,1.8563,1.2223,1.7386,1.5916,0.94948,1.0292,0.5135,0.65725,sync,accl
8.53,2.67,4.3039,4.6757,1,12,9,10,450,109.84,0.04,0.32,1.835,1.8241,1.856,1.74,1.2224,1.5935,1.222,1.593,0.0077586,0.003,673.65,737.25,0.094607,0.149,1.8564,1.2224,1.7405,1.5935,0.94948,1.034,0.51024,0.66628,sync,accl
8.61,2.7,4.4543,4.9915,1,12,9,11,450,155.02,0.1,0.3,1.835,1.6173,1.849,1.626,1.3728,1.8168,1.382,1.759,0.008,-0.0075,675.65,735.38,0.10261,0.1415,1.8398,1.3728,1.6173,1.7503,0.94948,1.042,0.50208,0.67009,accl,brak
8.64,2.73,4.4622,4.986,1,12,9,11,450,155.02,0.1,0.3,1.835,1.6226,1.849,1.626,1.3807,1.8149,1.382,1.759,0.0033911,-0.0075,676.5,733.5,0.106,0.134,1.8477,1.3807,1.6226,1.7556,0.94948,1.045,0.49392,0.67389,sync,brak
8.67,2.76,4.4634,4.9843,1,12,9,11,450,155.02,0.07,0.3,1.835,1.6242,1.849,1.626,1.3819,1.8143,1.382,1.759,0.002512,-0.0075,677.13,731.63,0.10851,0.1265,1.8489,1.3819,1.6242,1.7572,0.94948,1.0471,0.48576,0.67769,sync,brak
8.79,2.79,4.6196,4.9839,1,12,10,11,87.942,155.02,0.07,0.37,1.8338,1.6246,1.844,1.626,1.482,1.8141,1.498,1.759,0.0070473,-0.0075,678.89,729.75,0.11556,0.119,1.828,1.482,1.6246,1.7576,0.94979,1.0555,0.4757,0.68237,sync,brak
8.91,2.82,4.605,4.9838,1,12,10,11,87.942,155.02,0.07,0.37,1.8347,1.6247,1.844,1.626,1.4965,1.8141,1.498,1.759,0.0028409,-0.0075,679.6,727.88,0.1184,0.1115,1.8425,1.4965,1.6247,1.7577,0.95009,1.0639,0.46564,0.68706,sync,brak
9.03,2.85,4.6037,4.9838,1,12,10,11,87.942,155.02,0,0.37,1.8348,1.6248,1.844,1.626,1.4978,1.8141,1.498,1.759,0.00015252,-0.0075,679.64,726,0.11855,0.104,1.8438,1.4978,1.6248,1.7578,0.95009,1.0639,0.45558,0.69175,sync,brak
9.15,2.88,4.6036,5.1351,1,12,10,12,87.942,540,0,0.37,1.8348,1.4769,1.844,1.464,1.498,1.835,1.498,1.825,-0.0017842,-0.0075,679.19,724.13,0.11677,0.0965,1.844,1.498,1.4769,1.8379,0.95009,1.0639,0.44448,0.69175,sync,brak
9.27,2.91,4.6035,5.1457,1,12,10,12,87.942,540,0,0.37,1.8348,1.4663,1.844,1.464,1.498,1.835,1.498,1.825,-0.00328,-0.0075,678.37,722.25,0.11349,0.089,1.844,1.498,1.4663,1.8273,0.95009,1.0639,0.43338,0.69175,sync,brak
9.39,2.94,4.6035,5.1494,1,12,10,12,87.942,540,0,0.45,1.8348,1.4626,1.844,1.464,1.498,1.835,1.498,1.825,-0.0044903,-0.0075,677.25,720.38,0.109,0.0815,1.844,1.498,1.4626,1.8236,0.95009,1.0639,0.41988,0.69175,sync,brak
9.51,2.97,4.6612,5.1506,1,12,10,12,103.38,540,0,0.46,1.8275,1.4614,1.817,1.464,1.5793,1.835,1.583,1.825,-0.0055037,-0.0075,675.87,718.5,0.10349,0.074,1.8133,1.5793,1.4614,1.8224,0.95009,1.0639,0.40608,0.69175,sync,brak
9.63,3,4.6645,5.151,1,12,10,12,103.38,540,0,0.46,1.8268,1.461,1.817,1.464,1.5825,1.835,1.583,1.825,-0.0063751,-0.0075,674.28,716.63,0.097117,0.0665,1.8165,1.5825,1.461,1.822,0.95009,1.0639,0.39228,0.69175,sync,brak
9.75,3.03,4.6649,5.1511,1,12,10,12,103.38,540,0,0.46,1.8267,1.4609,1.817,1.464,1.5829,1.835,1.583,1.825,-0.007141,-0.0075,672.49,714.75,0.089976,0.059,1.8169,1.5829,1.4609,1.8219,0.95009,1.0639,0.37848,0.69175,sync,brak
9.87,3.06,4.665,5.1512,1,12,10,12,103.38,540,0,0.47,1.8267,1.4608,1.817,1.464,1.583,1.835,1.583,1.825,-0.0078275,-0.0075,670.54,712.88,0.082149,0.0515,1.817,1.583,1.4608,1.8218,0.95009,1.0639,0.36438,0.69175,sync,brak
9.99,3.09,4.7486,5.1514,1,12,10,12,121.53,540,0,0.5,1.797,1.4606,1.761,1.464,1.6624,1.835,1.664,1.825,-0.0084537,-0.0075,668.42,711,0.073695,0.044,1.7594,1.6624,1.4606,1.8216,0.95009,1.0639,0.34938,0.69175,sync,brak
10.11,3.12,4.7501,5.1514,1,12,10,12,121.53,540,0,0.5,1.7963,1.4606,1.761,1.464,1.6638,1.835,1.664,1.825,-0.0090352,-0.0075,666.16,709.13,0.06466,0.0365,1.7608,1.6638,1.4606,1.8216,0.95009,1.0639,0.33438,0.69175,sync,brak
10.18,3.14,4.9446,5.1507,1,1,11,12,147.23,540,0.24,0.5,1.6611,1.4614,1.66,1.464,1.7978,1.835,1.743,1.825,0.007,-0.005,667.91,707.88,0.07166,0.0315,1.6611,1.7441,1.4614,1.8224,0.93596,1.073,0.32438,0.69175,accl,brak
10.3,3.17,4.9465,5.5548,1,1,11,12,147.23,540,0.24,0.44,1.6594,1.0572,1.66,0.973,1.7986,1.835,1.743,1.845,0.012,-0.0075,670.91,706,0.08366,0.024,1.6594,1.7424,1.0572,1.9292,0.91175,1.0886,0.31118,0.69175,accl,brak
10.42,3.2,4.9465,5.6142,1,1,11,12,147.23,540,0.24,0.44,1.6594,0.99782,1.66,0.973,1.7986,1.835,1.743,1.845,-0.018704,-0.0075,666.24,704.13,0.064956,0.0165,1.6594,1.7424,0.99782,1.8698,0.88753,1.1042,0.29798,0.69175,sync,brak
10.54,3.23,4.9469,5.6333,1,1,11,12,147.23,540,0.4,0.44,1.659,0.97873,1.66,0.973,1.7988,1.835,1.743,1.845,-0.018915,-0.0075,661.51,702.25,0.04604,0.009,1.659,1.742,0.97873,1.8507,0.84717,1.1301,0.28478,0.69175,sync,brak
10.66,3.26,5.1034,5.6391,1,1,12,12,540,540,0.4,0.39,1.5087,0.97296,1.506,0.973,1.835,1.835,1.805,1.845,-0.019248,-0.0075,656.7,700.38,0.026792,0.0015,1.5087,1.8077,0.97296,1.845,0.79917,1.1301,0.27308,0.69175,sync,brak
10.78,3.29,5.1087,5.6409,1,1,12,12,540,540,0.4,0.39,1.5033,0.97115,1.506,0.973,1.835,1.835,1.805,1.845,-0.019922,-0.0075,651.72,700,0.0068694,-0.006,1.5033,1.8023,0.97115,1.8432,0.75117,1.1301,0.26138,0.69175,sync,brak
10.87,3.31,5.1088,5.6408,1,2,12,12,540,540,0.43,0.39,1.5032,0.9712,1.506,0.973,1.835,1.835,1.805,1.845,-0.017587,0.006,650,701.5,-0.010718,0,1.5032,1.8022,0.9712,1.8432,0.71247,1.1301,0.25358,0.69175,sync,stop
10.9,3.34,5.1075,5.8666,1,2,12,12,540,540,0.43,0.28,1.5045,0.74547,1.506,0.69,1.835,1.835,1.805,1.818,0.010718,0.003,652.68,702.25,0,0.003,1.5045,1.8035,0.74547,1.8735,0.69957,1.1301,0.24518,0.69175,stop,accl
10.97,3.37,5.289,5.9056,1,2,12,12,540,540,0.42,0.28,1.323,0.70639,1.303,0.69,1.835,1.835,1.842,1.818,0,0.003,650,703,0,0.006,1.323,1.862,0.70639,1.8344,0.67017,1.1301,0.23678,0.69175,wait,accl
11.09,3.4,5.31,0.0011121,1,2,12,1,540,-168.02,0.42,0.28,1.302,0.49111,1.303,0.438,1.835,1.835,1.842,1.755,0,0.003,650,703.75,0,0.009,1.302,1.841,0.49111,1.8081,0.61977,1.1301,0.22856,0.69,wait,accl
11.15,3.43,5.3107,0.036726,1,2,12,1,540,-168.02,0.41,0.24,1.3013,0.45333,1.303,0.438,1.835,1.8329,1.842,1.755,0,0.003,650,704.5,0,0.012,1.3013,1.8403,0.45333,1.7703,0.59517,1.1301,0.22152,0.68851,wait,accl
11.27,3.45,5.5144,0.048214,1,3,12,1,540,-168.02,0.41,0.24,1.0976,0.44192,1.08,0.438,1.835,1.8314,1.841,1.755,0,0.002,650,705,0,0.014,1.0976,1.8586,0.44192,1.7589,0.54597,1.1301,0.21682,0.68751,wait,accl
11.39,3.48,5.5329,0.052367,1,3,12,1,540,-168.02,0.41,0.25,1.0791,0.4378,1.08,0.438,1.835,1.8308,1.841,1.755,0,0.003,650,705.75,0,0.017,1.0791,1.8401,0.4378,1.7548,0.49677,1.1301,0.20949,0.68596,wait,accl
11.5,3.51,5.5342,0.30274,1,3,12,2,540,-122.5,0.29,0.25,1.0779,0.22917,1.08,0.253,1.835,1.7039,1.841,1.661,0,0.003,650,706.5,0,0.02,1.0779,1.8389,0.29588,1.7039,0.46487,1.1301,0.20546,0.67963,wait,accl
11.62,3.54,5.5347,0.33972,1,3,12,2,540,-122.5,0.29,0.25,1.0773,0.20875,1.08,0.253,1.835,1.6729,1.841,1.661,0,0.003,650,707.25,0,0.023,1.0773,1.8383,0.26486,1.6729,0.43007,1.1301,0.20143,0.67331,wait,accl
11.74,3.57,5.5346,0.35035,1,3,12,2,540,-122.5,0.29,0.19,1.0775,0.20353,1.08,0.253,1.835,1.6635,1.841,1.661,0,0.003,650,708,0,0.026,1.0775,1.8385,0.25549,1.6635,0.39527,1.1301,0.19836,0.6685,wait,accl
11.86,3.6,5.5328,0.45809,1,3,12,2,540,-93.892,0.06,0.28,1.0792,0.1687,1.08,0.196,1.835,1.5589,1.841,1.53,0,0.003,650,708.75,0,0.029,1.0792,1.8402,0.22488,1.5589,0.38807,1.1301,0.19779,0.66012,wait,accl
11.98,3.63,5.5326,0.47829,1,3,12,2,540,-93.892,0.06,0.28,1.0794,0.16618,1.08,0.196,1.835,1.5377,1.841,1.53,0,0.003,650,709.5,0,0.032,1.0794,1.8404,0.20366,1.5377,0.38087,1.1301,0.19722,0.65174,wait,accl
12.1,3.66,5.5321,0.48455,1,3,12,2,540,-93.892,0,0.28,1.0799,0.16568,1.08,0.196,1.835,1.531,1.841,1.53,0.012,0.003,653,710.25,0.012,0.035,1.0799,1.8409,0.197,1.531,0.38087,1.1301,0.19665,0.64336,accl,accl
12.22,3.69,5.532,0.48679,1,3,12,2,540,-93.892,0,0.34,1.08,0.16553,1.08,0.196,1.835,1.5286,1.841,1.53,0.012,0.003,656,711,0.024,0.038,1.08,1.841,0.19461,1.5286,0.38087,1.1301,0.19596,0.63318,accl,accl
12.33,3.72,5.532,0.4875,1,3,12,2,540,-93.892,0,0.34,1.08,0.16549,1.08,0.196,1.835,1.5279,1.841,1.53,0.011,0.003,658.75,711.75,0.035,0.041,1.08,1.841,0.19386,1.5279,0.38087,1.1301,0.19527,0.623,accl,accl
12.45,3.75,5.5324,0.61516,1,3,12,3,540,270,0.04,0.34,1.0797,0.165,1.08,0.17,1.835,1.4053,1.841,1.38,0.012,0.003,661.75,712.5,0.047,0.044,1.0797,1.8407,0.19535,1.4053,0.37607,1.1301,0.19527,0.6128,accl,accl
12.54,3.78,1.3927,0.63434,1,3,3,3,270,270,0.04,0.38,0.165,0.165,0.86,0.17,2.3922,1.3862,2.415,1.38,0.009,0.00020455,664,712.55,0.056,0.044205,0.83722,2.3922,0.17617,1.3862,0.37607,1.1265,0.19527,0.6014,accl,sync
12.6,3.81,1.4117,0.64055,1,3,3,3,270,270,0.04,0.42,0.165,0.165,0.86,0.17,2.4112,1.38,2.415,1.38,0.006,0.00080051,665.5,712.75,0.062,0.045005,0.85624,2.4112,0.16996,1.38,0.37607,1.1241,0.19527,0.5888,accl,sync
12.63,3.84,1.4141,0.6425,1,3,3,3,270,270,0.21,0.42,0.165,0.165,0.86,0.17,2.4136,1.378,2.415,1.38,0.003,0.0011329,666.25,713.03,0.065,0.046138,0.85857,2.4136,0.16801,1.378,0.37607,1.1178,0.19527,0.5762,accl,sync
12.66,3.87,1.4141,0.79608,1,3,3,3,270,270,0.21,0.42,0.165,0.165,0.86,0.167,2.4136,1.2244,2.415,1.198,0.003,0.0012265,667,713.34,0.068,0.047364,0.85861,2.4136,0.19343,1.2244,0.37607,1.1115,0.19527,0.5636,accl,sync
12.69,3.9,1.4141,0.81624,1,3,3,3,270,270,0.21,0.43,0.165,0.165,0.86,0.167,2.4136,1.2043,2.415,1.198,0.003,0.001307,667.75,713.67,0.071,0.048671,0.85858,2.4136,0.17327,1.2043,0.37607,1.1052,0.19527,0.5507,accl,sync
12.76,3.93,1.4469,0.82257,1,3,3,3,270,270,0.21,0.43,0.165,0.165,0.669,0.167,2.4464,1.1979,2.42,1.198,0.007,0.0013763,669.5,714.01,0.078,0.050048,0.69543,2.4464,0.16694,1.1979,0.37607,1.0905,0.19527,0.5378,accl,sync
12.88,3.97,1.4232,0.99558,1,3,3,3,270,270,0.21,0.42,0.165,0.165,0.669,0.157,2.4227,1.0249,2.42,0.994,0.012,0.0022341,672.5,714.57,0.09,0.052282,0.67167,2.4227,0.18793,1.0249,0.37607,1.0653,0.19527,0.521,accl,sync
13,4,1.4209,1.0198,1,3,3,3,270,270,0,0.42,0.165,0.165,0.669,0.157,2.4203,1.0007,2.42,0.994,0.012,0.0021643,675.5,715.11,0.102,0.054446,0.66934,2.4203,0.16368,1.0007,0.37607,1.0653,0.19527,0.5084,accl,sync
13.12,4.02,1.4206,1.0257,1,4,3,3,270,270,0,0.42,0.165,0.165,0.669,0.157,2.42,0.99477,2.42,0.994,0.012,0.0017468,678.5,715.55,0.114,0.056193,0.66904,2.42,0.15777,0.99477,0.37607,1.0653,0.19527,0.5,accl,sync
13.18,4.05,1.4121,1.0286,1,4,3,3,270,270,0,0.42,0.165,0.165,0.506,0.157,2.4116,0.99194,2.4,0.994,0.006,0.0030862,680,716.32,0.12,0.059279,0.51763,2.4116,0.15494,0.99194,0.37607,1.0653,0.19527,0.4874,accl,sync
13.21,4.09,1.4029,1.2231,1,4,3,3,270,270,0,0.42,0.165,0.165,0.506,0.157,2.4024,0.79742,2.4,0.764,0.003,0.004,680.75,717.32,0.123,0.063279,0.50839,2.4024,0.19042,0.79742,0.37607,1.0653,0.19527,0.4706,accl,accl
13.24,4.12,1.4012,1.249,1,4,3,3,270,270,0,0.38,0.165,0.165,0.506,0.157,2.4007,0.77153,2.4,0.764,0.003,0.003,681.5,718.07,0.126,0.066279,0.50672,2.4007,0.16453,0.77153,0.37607,1.0653,0.19527,0.4592,accl,accl
13.27,4.15,1.4007,1.2559,1,4,3,3,270,270,0,0.38,0.165,0.165,0.506,0.157,2.4002,0.76457,2.4,0.764,0.003,0.003,682.25,718.82,0.129,0.069279,0.50623,2.4002,0.15757,0.76457,0.37607,1.0653,0.19527,0.4478,accl,accl
13.31,4.17,1.4006,1.2573,1,5,3,3,270,270,0,0.31,0.165,0.165,0.506,0.157,2.4001,0.76321,2.4,0.764,0.004,0.002,683.25,719.32,0.133,0.071279,0.50607,2.4001,0.15621,0.76321,0.37607,1.0653,0.19527,0.4416,accl,accl
13.36,4.2,1.3768,1.4454,1,5,3,3,270,270,0,0.31,0.165,0.165,0.375,0.19,2.3763,0.57515,2.352,0.542,0.005,0.003,684.5,720.07,0.138,0.074279,0.3993,2.3763,0.22315,0.57515,0.37607,1.0653,0.19527,0.4323,accl,accl
13.39,4.23,1.3583,1.4694,1,5,3,3,270,270,0,0.31,0.165,0.165,0.375,0.19,2.3577,0.55111,2.352,0.542,0.003,0.003,685.25,720.82,0.141,0.077279,0.38075,2.3577,0.19911,0.55111,0.37607,1.0653,0.19527,0.423,accl,accl
13.43,4.26,0.36862,1.477,1,5,2,3,-130.53,270,0,0.28,0.35306,0.165,0.283,0.19,1.8047,0.54354,1.687,0.542,-0.0018928,0.003,684.78,721.57,0.13911,0.080279,0.40074,1.8047,0.19154,0.54354,0.37607,1.0653,0.19527,0.4146,sync,accl
13.45,4.29,0.2847,1.4793,1,5,2,3,-130.53,270,0.21,0.28,0.24034,0.165,0.283,0.19,1.7181,0.54117,1.687,0.542,0.002,0.003,685.28,722.32,0.14111,0.083279,0.31408,1.7181,0.18917,0.54117,0.37334,1.0621,0.19527,0.4062,accl,accl
13.48,4.31,0.31151,1.4797,1,6,2,3,-130.53,270,0.21,0.29,0.22402,0.165,0.283,0.19,1.6968,0.54083,1.687,0.542,0.003,0.002,686.03,722.82,0.14411,0.085279,0.29276,1.6968,0.18883,0.54083,0.36925,1.0574,0.19527,0.4004,accl,accl
13.55,4.33,0.32346,1.48,1,6,2,3,-130.53,270,0.21,0.29,0.2173,0.165,0.283,0.19,1.6868,0.54048,1.687,0.542,0.007,0.002,687.78,723.32,0.15111,0.087279,0.28281,1.6868,0.18848,0.54048,0.35969,1.0462,0.19527,0.3946,accl,accl
13.59,4.37,0.45554,1.4812,1,6,2,3,-96.968,270,0.33,0.28,0.16911,0.165,0.22,0.19,1.5615,0.53929,1.543,0.542,-0.0017426,0.004,687.34,724.32,0.14936,0.091279,0.23852,1.5615,0.18729,0.53929,0.35809,1.0331,0.19527,0.3834,sync,accl
13.62,4.4,0.47,1.4804,1,6,2,3,-96.968,270,0.33,0.28,0.16705,0.165,0.22,0.19,1.5464,0.54009,1.543,0.542,-0.001247,0.003,687.03,725.07,0.14812,0.094279,0.22342,1.5464,0.18809,0.54009,0.35689,1.0233,0.19527,0.375,sync,accl
13.66,4.43,0.47472,1.9365,1,6,2,5,-96.968,-26.185,0.38,0.26,0.16652,0.38849,0.22,0.371,1.5414,0.18126,1.543,0.248,-0.001535,0.003,686.65,725.82,0.14658,0.097279,0.21844,1.5414,0.38849,0.26549,0.35505,1.0082,0.20227,0.37156,sync,accl
13.69,4.46,0.47527,1.9246,1,6,2,5,-96.968,-26.185,0.38,0.26,0.16647,0.37704,0.22,0.371,1.5409,0.18526,1.543,0.248,0.003,0.003,687.4,726.57,0.14958,0.10028,0.21786,1.5409,0.37704,0.25404,0.35366,0.99685,0.20927,0.36812,accl,accl
13.72,4.49,0.47597,1.9209,1,6,2,5,-96.968,-26.185,0.43,0.26,0.1664,0.37345,0.22,0.371,1.5401,0.18662,1.543,0.248,0.003,0.003,688.15,727.32,0.15258,0.10328,0.21711,1.5401,0.37345,0.25045,0.3521,0.98405,0.21627,0.36468,accl,accl
13.75,4.53,0.47623,2.0621,1,6,2,6,-96.968,360,0.43,0.33,0.16637,0.51109,0.22,0.523,1.5398,0.165,1.543,0.19,0.003,0.004,688.9,728.32,0.15558,0.10728,0.21684,1.5398,0.51109,0.17809,0.35053,0.97124,0.22947,0.36468,accl,accl
13.77,4.56,0.4756,2.0721,1,6,2,6,-96.968,360,0.43,0.33,0.16643,0.52111,0.22,0.523,1.5405,0.165,1.543,0.19,0.002,0.003,689.4,729.07,0.15758,0.11028,0.21751,1.5405,0.52111,0.18811,0.34949,0.96271,0.23937,0.36468,accl,accl
13.8,4.59,0.47694,2.0752,1,6,2,6,-96.968,360,0.48,0.37,0.1663,0.52413,0.22,0.523,1.5391,0.165,1.543,0.19,0.003,0.003,690.15,729.82,0.16058,0.11328,0.21609,1.5391,0.52413,0.19113,0.34774,0.94841,0.25047,0.36468,accl,accl
13.83,4.62,0.47685,2.0761,1,6,2,6,-96.968,360,0.48,0.37,0.16631,0.5251,0.22,0.523,1.5392,0.165,1.543,0.19,0.003,0.003,690.9,730.57,0.16358,0.11628,0.21618,1.5392,0.5251,0.1921,0.346,0.93412,0.26157,0.36468,accl,accl
13.86,4.65,0.47686,2.0766,1,6,2,6,-96.968,360,0.5,0.4,0.16631,0.52554,0.22,0.523,1.5392,0.165,1.543,0.19,0.003,0.003,691.65,731.32,0.16658,0.11928,0.21617,1.5392,0.52554,0.19254,0.34418,0.91923,0.27357,0.36468,accl,accl
13.89,4.68,0.47686,2.0767,1,6,2,6,-96.968,360,0.5,0.4,0.16631,0.52568,0.22,0.523,1.5392,0.165,1.543,0.19,0.003,0.003,692.4,732.07,0.16958,0.12228,0.21618,1.5392,0.52568,0.19268,0.34236,0.90434,0.28557,0.36468,accl,accl
13.92,4.71,0.47686,2.0767,1,6,2,6,-96.968,360,0.5,0.4,0.16631,0.52572,0.22,0.523,1.5392,0.165,1.543,0.19,0.003,0.003,693.15,732.82,0.17258,0.12528,0.21618,1.5392,0.52572,0.19272,0.34054,0.88945,0.29757,0.36468,accl,accl
13.95,4.74,0.985,2.0769,1,6,3,6,270,360,0.46,0.42,0.165,0.52583,0.15,0.523,1.0355,0.165,0.932,0.19,-0.00087443,0.003,692.93,733.57,0.17171,0.12828,0.2535,1.0355,0.52583,0.19283,0.34054,0.87565,0.31017,0.36468,sync,accl
13.98,4.77,1.0582,2.4137,1,6,3,6,270,360,0.46,0.42,0.165,0.86269,0.15,0.916,0.96232,0.165,0.932,0.155,-0.00081119,0.003,692.72,734.32,0.1709,0.13128,0.18032,0.96232,0.86269,0.10169,0.34054,0.86185,0.32277,0.36468,sync,accl
14.01,4.8,1.0812,2.4523,1,6,3,6,270,360,0.46,0.42,0.165,0.90124,0.15,0.916,0.93935,0.165,0.932,0.155,0.003,0.003,693.47,735.07,0.1739,0.13428,0.15735,0.93935,0.90124,0.14024,0.34054,0.84805,0.33537,0.36468,accl,accl
14.04,4.83,1.0872,2.4644,1,6,3,6,270,360,0.21,0.42,0.165,0.91335,0.15,0.916,0.93332,0.165,0.932,0.155,0.003,0.003,694.22,735.82,0.1769,0.13728,0.15132,0.93332,0.91335,0.15235,0.34054,0.84175,0.34797,0.36468,accl,accl
14.07,4.85,1.2937,2.4675,1,7,3,6,270,360,0.21,0.43,0.165,0.91652,0.159,0.916,0.72683,0.165,0.691,0.155,-0.00072276,0.002,694.04,736.32,0.17617,0.13928,0.19483,0.72683,0.91652,0.15552,0.34054,0.83545,0.35657,0.36468,sync,accl
14.1,4.88,1.3183,2.6516,1,7,3,6,270,360,0,0.43,0.165,1.1006,0.159,1.141,0.70225,0.165,0.691,0.161,-0.00066233,0.003,693.88,737.07,0.17551,0.14228,0.17025,0.70225,1.1006,0.1206,0.34054,0.83545,0.36947,0.36468,sync,accl
14.13,4.91,1.326,2.681,1,7,3,6,270,360,0,0.39,0.165,1.13,0.159,1.141,0.69453,0.165,0.691,0.161,0.003,0.003,694.63,737.82,0.17851,0.14528,0.16253,0.69453,1.13,0.14995,0.34054,0.83545,0.38117,0.36468,accl,accl
14.16,4.94,1.3284,2.6904,1,7,3,6,270,360,0,0.39,0.165,1.1394,0.159,1.141,0.69211,0.165,0.691,0.161,0.003,0.003,695.38,738.57,0.18151,0.14828,0.16011,0.69211,1.1394,0.15937,0.34054,0.83545,0.39287,0.36468,accl,accl
14.19,4.97,1.3292,2.6933,1,7,3,6,270,360,0,0.39,0.165,1.1423,0.159,1.141,0.69135,0.165,0.691,0.161,0.003,0.003,696.13,739.32,0.18451,0.15128,0.15935,0.69135,1.1423,0.16232,0.34054,0.83545,0.40457,0.36468,accl,accl
14.22,4.99,1.3294,2.8872,1,8,3,6,270,360,0,0.34,0.165,1.3362,0.159,1.373,0.69111,0.165,0.691,0.173,0.003,0.002,696.88,739.82,0.18751,0.15328,0.15911,0.69111,1.3362,0.13619,0.34054,0.83545,0.41137,0.36468,accl,accl
14.24,5.02,1.3295,2.9122,1,8,3,6,270,360,0,0.34,0.165,1.3612,0.159,1.373,0.69103,0.165,0.691,0.173,0.002,0.003,697.38,740.57,0.18951,0.15628,0.15903,0.69103,1.3612,0.1612,0.34054,0.83545,0.42157,0.36468,accl,accl
14.25,5.05,1.5333,2.9217,1,8,4,6,-83.774,360,0,0.31,0.16501,1.3707,0.27,1.373,0.48723,0.165,0.466,0.173,0.001,0.003,697.63,741.32,0.19051,0.15928,0.29123,0.48723,1.3707,0.17071,0.34054,0.83545,0.43087,0.36468,accl,accl
14.29,5.08,1.5476,2.9248,1,8,4,6,-83.774,360,0.37,0.31,0.16545,1.3737,0.27,1.373,0.4729,0.165,0.466,0.173,0.004,0.003,698.63,742.07,0.19451,0.16228,0.2769,0.4729,1.3737,0.17374,0.34214,0.82074,0.44017,0.36468,accl,accl
14.32,5.11,1.554,3.0939,1,8,4,7,-83.774,15.255,0.37,0.3,0.16585,1.5428,0.27,1.582,0.46656,0.16666,0.466,0.226,0.003,0.003,699.38,742.82,0.19751,0.16528,0.27056,0.46656,1.5428,0.18684,0.34335,0.8097,0.44885,0.36705,accl,accl
14.35,5.14,1.5559,3.1227,1,8,4,7,-83.774,15.255,0.38,0.3,0.16599,1.5714,0.27,1.582,0.46461,0.17086,0.466,0.226,0.003,0.003,700.13,743.57,0.20051,0.16828,0.26861,0.46461,1.5714,0.21544,0.34458,0.79837,0.45753,0.36941,accl,accl
14.37,5.16,4.3493,3.1313,1,9,7,7,99.823,15.255,0.38,0.3,0.431,1.5798,0.43,1.582,-0.53889,0.17259,0.303,0.226,0.002,0.002,700.63,744.07,0.20251,0.17028,0.431,0.304,1.5798,0.22384,0.34329,0.80586,0.46332,0.37099,accl,accl
14.4,5.19,4.3475,3.1347,1,9,7,7,99.823,15.255,0.42,0.3,0.43228,1.5833,0.43,1.582,-0.53754,0.17336,0.303,0.226,0.003,0.003,701.38,744.82,0.20551,0.17328,0.43228,0.30528,1.5833,0.22725,0.34114,0.81827,0.472,0.37336,accl,accl
14.43,5.22,4.3474,3.3607,1,9,7,8,99.823,51.855,0.42,0.3,0.43237,1.769,0.43,1.715,-0.53745,0.29369,0.303,0.329,0.003,0.00055805,702.13,744.96,0.20851,0.17384,0.43237,0.30537,1.6797,0.29369,0.33899,0.83069,0.47756,0.38044,accl,sync
14.46,5.25,3.3751,3.3924,1,9,8,8,99.823,51.855,0.42,0.3,1.7775,1.7869,0.43,1.715,0.30536,0.31989,0.303,0.329,-0.0075,0.003,700.25,745.71,0.20101,0.17684,0.43236,0.30536,1.7059,0.31989,0.33684,0.84311,0.48312,0.38752,brak,accl
14.49,5.28,2.1806,3.4019,1,9,6,8,360,51.855,0.46,0.3,0.62954,1.7918,0.645,1.715,0.165,0.32812,0.205,0.329,-0.00040557,0.003,700.15,746.46,0.20061,0.17984,0.62954,0.18954,1.7141,0.32812,0.35064,0.84311,0.48868,0.39459,sync,accl
14.52,5.31,2.1933,3.5094,1,9,6,8,360,84.859,0.46,0.34,0.64231,1.8296,0.645,1.799,0.165,0.43109,0.205,0.464,-0.00035546,0.003,700.06,747.21,0.20025,0.18284,0.64231,0.20231,1.7661,0.43109,0.36444,0.84311,0.48959,0.40475,sync,accl
14.55,5.34,2.1972,3.5327,1,9,6,8,360,84.859,0.44,0.34,0.64623,1.8332,0.645,1.799,0.165,0.45541,0.205,0.464,0.003,0.003,700.81,747.96,0.20325,0.18584,0.64623,0.20623,1.7904,0.45541,0.37764,0.84311,0.49051,0.41491,accl,accl
14.58,5.37,2.1985,3.54,1,9,6,8,360,84.859,0.44,0.34,0.64746,1.8339,0.645,1.799,0.165,0.46304,0.205,0.464,0.003,0.003,701.56,748.71,0.20625,0.18884,0.64746,0.20746,1.798,0.46304,0.39084,0.84311,0.49142,0.42507,accl,accl
14.61,5.4,2.1989,3.5425,1,9,6,8,360,84.859,0.44,0.39,0.64784,1.8341,0.645,1.799,0.165,0.46569,0.205,0.464,0.003,0.003,702.31,749.46,0.20925,0.19184,0.64784,0.20784,1.8007,0.46569,0.40404,0.84311,0.49247,0.43672,accl,accl
14.64,5.43,2.199,3.5432,1,9,6,8,360,84.859,0.44,0.39,0.64796,1.8342,0.645,1.799,0.165,0.46652,0.205,0.464,0.003,0.003,703.06,750.21,0.21225,0.19484,0.64796,0.20796,1.8015,0.46652,0.41724,0.84311,0.49352,0.44838,accl,accl
14.68,5.46,2.1998,3.5436,1,9,6,8,360,84.859,0.46,0.42,0.64882,1.8342,0.645,1.799,0.165,0.46694,0.205,0.464,0.004,0.003,704.06,750.96,0.21625,0.19784,0.64882,0.20882,1.8019,0.46694,0.43564,0.84311,0.49465,0.46093,accl,accl
14.71,5.49,2.1989,3.5438,1,9,6,8,360,84.859,0.46,0.42,0.64791,1.8342,0.645,1.799,0.165,0.46707,0.205,0.464,0.003,0.003,704.81,751.71,0.21925,0.20084,0.64791,0.20791,1.8021,0.46707,0.44944,0.84311,0.49578,0.47348,accl,accl
14.74,5.52,2.1991,3.5438,1,9,6,8,360,84.859,0.46,0.42,0.64804,1.8342,0.645,1.799,0.165,0.46711,0.205,0.464,0.003,0.003,705.56,752.46,0.22225,0.20384,0.64804,0.20804,1.8021,0.46711,0.46324,0.84311,0.49691,0.48603,accl,accl
14.85,5.55,2.1992,3.8722,1,9,6,9,360,450,0.13,0.42,0.64819,1.835,0.645,1.842,0.165,0.79069,0.205,0.856,0.011,0.003,708.31,753.21,0.23325,0.20684,0.64819,0.20819,1.7767,0.79069,0.47754,0.84311,0.49691,0.49863,accl,accl
14.92,5.58,2.1971,3.919,1,9,6,9,360,450,0.13,0.41,0.64608,1.835,0.645,1.842,0.165,0.83743,0.205,0.856,0.007,0.003,710.06,753.96,0.24025,0.20984,0.64608,0.20608,1.8234,0.83743,0.48664,0.84311,0.49691,0.51093,accl,accl
14.95,5.61,2.1966,3.9336,1,9,6,9,360,450,0.13,0.41,0.64556,1.835,0.645,1.842,0.165,0.8521,0.205,0.856,0.003,0.003,710.81,754.71,0.24325,0.21284,0.64556,0.20556,1.8381,0.8521,0.49054,0.84311,0.49691,0.52323,accl,accl
15,5.64,2.1962,3.9382,1,9,6,9,360,450,0,0.41,0.64517,1.835,0.645,1.842,0.165,0.85671,0.205,0.856,0.005,0.003,712.06,755.46,0.24825,0.21584,0.64517,0.20517,1.8427,0.85671,0.49054,0.84311,0.49691,0.53553,accl,accl
15.06,5.67,2.1961,3.9397,1,9,6,9,360,450,0,0.42,0.64504,1.835,0.645,1.842,0.165,0.8582,0.205,0.856,0.006,0.003,713.56,756.21,0.25425,0.21884,0.64504,0.20504,1.8442,0.8582,0.49054,0.84311,0.49691,0.54813,accl,accl
15.11,5.7,2.196,3.9402,1,10,6,9,360,450,0,0.42,0.64501,1.835,0.645,1.842,0.165,0.85867,0.205,0.856,0.005,0.003,714.81,756.96,0.25925,0.22184,0.64501,0.20501,1.8447,0.85867,0.49054,0.84311,0.49691,0.56073,accl,accl
15.17,5.73,2.1964,3.9402,1,10,6,9,360,450,0.06,0.4,0.64542,1.835,0.645,1.842,0.165,0.85872,0.205,0.856,0.006,0.003,716.31,757.71,0.26525,0.22484,0.64542,0.20542,1.8447,0.85872,0.49414,0.84311,0.49691,0.57273,accl,accl
15.23,5.77,2.1965,4.1746,1,10,6,9,360,450,0.06,0.4,0.64547,1.835,0.645,1.841,0.165,1.0931,0.205,1.133,0.006,0.004,717.81,758.71,0.27125,0.22884,0.64547,0.20547,1.8011,1.0931,0.49774,0.84311,0.49691,0.58873,accl,accl
15.27,5.8,2.1963,4.205,1,10,6,9,360,450,0.04,0.33,0.64526,1.835,0.645,1.841,0.165,1.1235,0.205,1.133,0.004,0.003,718.81,759.46,0.27525,0.23184,0.64526,0.20526,1.8315,1.1235,0.49934,0.84311,0.49691,0.59863,accl,accl
15.3,5.83,3.8545,4.2131,1,11,9,9,450,450,0.04,0.33,1.835,1.835,1.375,1.841,0.20705,1.1316,0.318,1.133,-0.00050587,0.003,718.69,760.21,0.27475,0.23484,1.2641,0.20705,1.8396,1.1316,0.49934,0.84431,0.49691,0.60853,sync,accl
15.33,5.86,3.776,4.2156,1,11,9,9,450,450,0.4,0.33,1.835,1.835,1.375,1.841,0.28557,1.1341,0.318,1.133,-0.00046852,0.003,718.57,760.96,0.27428,0.23784,1.3426,0.28557,1.8421,1.1341,0.49934,0.85631,0.49691,0.61843,sync,accl
15.37,5.89,3.7512,4.4512,1,11,9,9,450,450,0.4,0.33,1.835,1.835,1.375,1.79,0.31034,1.3697,0.318,1.402,-0.00057518,0.003,718.43,761.71,0.2737,0.24084,1.3673,0.31034,1.7577,1.3697,0.49934,0.87231,0.49691,0.62833,sync,accl
15.4,5.92,3.6368,4.475,1,11,9,9,450,450,0.41,0.35,1.835,1.835,1.643,1.79,0.42473,1.3935,0.484,1.402,-0.0003931,0.003,718.33,762.46,0.27331,0.24384,1.5837,0.42473,1.7815,1.3935,0.49934,0.88461,0.49691,0.63883,sync,accl
15.43,5.94,3.594,4.482,1,12,9,9,450,450,0.41,0.35,1.835,1.835,1.643,1.79,0.46755,1.4004,0.484,1.402,-0.00035642,0.002,718.24,762.96,0.27295,0.24584,1.6265,0.46755,1.7884,1.4004,0.49934,0.89691,0.49691,0.64583,sync,accl
15.46,5.97,3.5806,4.5823,1,12,9,9,450,450,0.44,0.37,1.835,1.835,1.643,2.216,0.48091,1.5008,0.484,1.619,-0.00032,0.003,718.16,763.71,0.27263,0.24884,1.6399,0.48091,2.0978,1.5008,0.49934,0.91011,0.49691,0.65693,sync,accl
15.49,6,3.5764,4.6645,1,12,9,9,450,450,0.44,0.37,1.835,1.835,1.643,2.216,0.4851,1.583,0.484,1.619,-0.0075,0.003,716.28,764.46,0.26513,0.25184,1.6441,0.4851,2.18,1.583,0.49934,0.92331,0.49691,0.66803,brak,accl
15.52,6.03,3.7326,4.6909,1,12,9,9,450,450,0.45,0.37,1.835,1.835,1.851,2.216,0.6511,1.6094,0.718,1.619,-0.0075,-0.0075,714.41,762.58,0.25763,0.24434,1.7841,0.6511,2.2064,1.6094,0.49934,0.93681,0.49691,0.67913,brak,brak
15.55,6.06,3.7806,4.6993,1,12,9,9,450,450,0.45,0.37,1.835,1.835,1.851,2.216,0.69912,1.6177,0.718,1.619,-0.0075,-0.0075,712.53,760.71,0.25013,0.23684,1.8321,0.69912,2.2147,1.6177,0.49934,0.95031,0.49691,0.69023,brak,brak
15.58,6.09,3.7957,4.864,1,12,9,9,450,450,0.45,0.37,1.835,1.835,1.851,2.069,0.71419,1.7825,0.718,1.784,-0.0075,-0.0075,710.66,758.83,0.24263,0.22934,1.8472,0.71419,2.0675,1.7825,0.49934,0.96381,0.49691,0.70133,brak,brak
15.61,6.12,3.8005,4.867,1,12,9,9,450,450,0.46,0.42,1.835,1.835,1.851,2.069,0.71897,1.7855,0.718,1.784,-0.0075,-0.0075,708.78,756.96,0.23513,0.22184,1.852,0.71897,2.0705,1.7855,0.49934,0.97761,0.49691,0.71393,brak,brak
15.64,6.15,4.0071,4.868,1,12,9,9,450,450,0.46,0.42,1.835,1.835,1.844,2.069,0.92559,1.7865,0.96,1.784,-0.0075,-0.0075,706.91,755.08,0.22763,0.21434,1.8096,0.92559,2.0715,1.7865,0.49934,0.99141,0.49691,0.72653,brak,brak
15.67,6.18,4.0328,4.8684,1,12,9,9,450,450,0.43,0.45,1.835,1.835,1.844,2.069,0.95123,1.7869,0.96,1.784,-0.0075,-0.0075,705.03,753.21,0.22013,0.20684,1.8352,0.95123,2.0719,1.7869,0.49934,1.0043,0.49691,0.74003,brak,brak
15.7,6.21,4.0408,4.9457,1,12,9,9,450,450,0.43,0.45,1.835,1.835,1.844,1.862,0.95927,1.8642,0.96,1.837,-0.0075,-0.0075,703.16,751.33,0.21263,0.19934,1.8433,0.95927,1.8892,1.8642,0.49934,1.0172,0.49691,0.75353,brak,brak
15.73,6.24,4.0431,4.9292,1,12,9,9,450,450,0.38,0.45,1.835,1.835,1.844,1.862,0.96156,1.8477,0.96,1.837,-0.0075,-0.0075,701.28,749.46,0.20513,0.19184,1.8456,0.96156,1.8727,1.8477,0.49934,1.0286,0.49691,0.76703,brak,brak
15.76,6.28,4.2604,4.9248,1,12,9,9,450,450,0.38,0.46,1.835,1.835,1.839,1.862,1.1789,1.8432,1.216,1.837,-0.0075,-0.01,699.41,746.96,0.19763,0.18184,1.8019,1.1789,1.8682,1.8432,0.49934,1.04,0.49691,0.78543,brak,brak
15.82,6.31,4.2895,4.9221,1,12,9,9,450,450,0.38,0.46,1.835,1.835,1.839,1.862,1.2079,1.8406,1.216,1.837,-0.00043981,-0.0075,699.3,745.08,0.19719,0.17434,1.8309,1.2079,1.8656,1.8406,0.49934,1.0628,0.49691,0.79923,sync,brak
15.94,6.35,4.3007,4.9225,1,12,9,9,450,450,0.38,0.46,1.835,1.835,1.839,1.862,1.2191,1.841,1.216,1.837,-0.002336,-0.01,698.71,742.58,0.19486,0.16434,1.8421,1.2191,1.866,1.841,0.49934,1.1084,0.49691,0.81763,sync,brak
16.06,6.38,4.2979,4.9215,1,12,9,9,450,450,0,0.46,1.835,1.835,1.839,1.862,1.2164,1.8399,1.216,1.837,-0.0031591,-0.0075,697.92,740.71,0.1917,0.15684,1.8394,1.2164,1.8649,1.8399,0.49934,1.1084,0.49691,0.83143,sync,brak
16.17,6.4,4.5189,4.9209,1,1,9,9,450,450,0.02,0.46,1.835,1.835,1.807,1.862,1.4374,1.8393,1.45,1.837,-0.0039249,-0.005,696.94,739.46,0.18777,0.15184,1.7944,1.4374,1.8643,1.8393,0.49934,1.1106,0.49691,0.84063,sync,brak
16.2,6.43,4.5299,4.922,1,1,9,9,450,450,0.02,0.46,1.835,1.835,1.807,1.862,1.4483,1.8404,1.45,1.837,-0.0012356,-0.0075,696.63,737.58,0.18654,0.14434,1.8053,1.4483,1.8654,1.8404,0.49934,1.1112,0.49691,0.85443,sync,brak
16.23,6.46,4.5311,4.9216,1,1,9,9,450,450,0.02,0.42,1.835,1.835,1.807,1.862,1.4496,1.8401,1.45,1.837,-0.0013951,-0.0075,696.29,735.71,0.18514,0.13684,1.8066,1.4496,1.8651,1.8401,0.49934,1.1118,0.49691,0.86703,sync,brak
16.26,6.49,4.7049,5.0229,1,1,10,10,121,132.89,0,0.42,1.8152,1.5549,1.723,1.862,1.6216,1.8381,1.638,1.837,0.003,-0.0075,697.04,733.83,0.18814,0.12934,1.7066,1.6216,1.8631,1.8381,0.49934,1.1118,0.48833,0.87626,accl,brak
16.29,6.51,4.7167,5.0259,1,2,10,10,121,132.89,0,0.36,1.8109,1.5496,1.723,1.862,1.6329,1.8374,1.638,1.837,-0.0020452,-0.005,696.52,732.58,0.1861,0.12434,1.7179,1.6329,1.8624,1.8374,0.49934,1.1118,0.48343,0.88153,sync,brak
16.32,6.54,4.7205,5.6653,1,2,10,12,121,540,0,0.36,1.8094,0.94672,1.723,0.736,1.6364,1.835,1.638,1.821,-0.0022875,-0.0075,695.95,730.71,0.18381,0.11684,1.7214,1.6364,0.94672,2.0317,0.49934,1.1118,0.47263,0.88153,sync,brak
16.35,6.57,4.7221,5.8104,1,2,10,12,121,540,0.28,0.36,1.8088,0.80164,1.723,0.736,1.6379,1.835,1.638,1.821,-0.0024266,0.003,695.35,731.46,0.18138,0.11984,1.7229,1.6379,0.80164,1.8866,0.49501,1.119,0.46183,0.88153,sync,accl
16.38,6.6,5.0253,5.8568,1,2,11,12,163.97,540,0.41,0.3,1.5839,0.75523,1.583,0.736,1.8265,1.835,1.764,1.821,-0.0010676,0.003,695.08,732.21,0.18031,0.12284,1.5839,1.7649,0.75523,1.8402,0.48319,1.1224,0.45283,0.88153,sync,accl
16.41,6.63,5.0272,5.8714,1,2,11,12,163.97,540,0.41,0.3,1.5819,0.74062,1.583,0.736,1.8269,1.835,1.764,1.821,-0.0010062,0.003,694.83,732.96,0.17931,0.12584,1.5819,1.7629,0.74062,1.8256,0.47137,1.1258,0.44383,0.88153,sync,accl
16.44,6.66,5.0278,5.8759,1,2,11,12,163.97,540,0.41,0.28,1.5813,0.73613,1.583,0.736,1.8271,1.835,1.764,1.821,-0.00094482,0.003,694.59,733.71,0.17836,0.12884,1.5813,1.7623,0.73613,1.8211,0.45955,1.1292,0.43543,0.88153,sync,accl
16.47,6.68,5.028,5.8769,1,3,11,12,163.97,540,0.44,0.28,1.5811,0.73516,1.583,0.736,1.8271,1.835,1.764,1.821,-0.00088347,0.002,694.37,734.21,0.17748,0.13084,1.5811,1.7621,0.73516,1.8202,0.44686,1.1328,0.42983,0.88153,sync,accl
16.5,6.71,5.2012,5.8779,1,3,12,12,540,540,0.44,0.27,1.4109,0.73418,1.393,0.736,1.835,1.835,1.823,1.821,-0.00082222,0.003,694.16,734.96,0.17666,0.13384,1.4109,1.8409,0.73418,1.8192,0.43366,1.1328,0.42173,0.88153,sync,accl
16.53,6.74,5.2155,0.28682,1,3,12,2,540,-124.33,0.45,0.27,1.3965,0.28356,1.393,0.266,1.835,1.761,1.823,1.663,-0.00077812,0.003,693.97,735.71,0.17588,0.13684,1.3965,1.8265,0.36401,1.761,0.42016,1.1328,0.41716,0.87484,sync,accl
16.56,6.77,5.2201,0.31681,1,3,12,2,540,-124.33,0.45,0.22,1.392,0.22099,1.393,0.266,1.835,1.6924,1.823,1.663,0.003,0.003,694.72,736.46,0.17888,0.13984,1.392,1.822,0.29538,1.6924,0.40666,1.1328,0.41344,0.86939,accl,accl
16.59,6.81,5.2215,0.34264,1,3,12,2,540,-124.33,0.45,0.22,1.3906,0.20728,1.393,0.266,1.835,1.6703,1.823,1.663,0.003,0.004,695.47,737.46,0.18188,0.14384,1.3906,1.8206,0.2733,1.6703,0.39316,1.1328,0.40847,0.86213,accl,accl
16.62,6.84,5.424,0.35058,1,3,12,2,540,-124.33,0.46,0.3,1.1881,0.20342,1.156,0.266,1.835,1.6633,1.837,1.663,0.003,0.003,696.22,738.21,0.18488,0.14684,1.1881,1.8691,0.26628,1.6633,0.37936,1.1328,0.4034,0.85469,accl,accl
16.65,6.87,5.4481,0.45876,1,3,12,2,540,-94.057,0.46,0.3,1.1639,0.16859,1.156,0.208,1.835,1.5582,1.837,1.53,0.003,0.003,696.97,738.96,0.18788,0.14984,1.1639,1.8449,0.23618,1.5582,0.36556,1.1328,0.40276,0.84572,accl,accl
16.68,6.9,5.4559,0.4786,1,3,12,2,540,-94.057,0.5,0.3,1.1561,0.16615,1.156,0.208,1.835,1.5373,1.837,1.53,0.003,0.003,697.72,739.71,0.19088,0.15284,1.1561,1.8371,0.21533,1.5373,0.35056,1.1328,0.40213,0.83674,accl,accl
16.72,6.93,5.6715,0.48503,1,3,12,2,540,-94.057,0.5,0.36,0.94055,0.16565,0.903,0.208,1.835,1.5305,1.831,1.53,0.004,0.003,698.72,740.46,0.19488,0.15584,0.94055,1.8685,0.20849,1.5305,0.33056,1.1328,0.40136,0.82597,accl,accl
16.73,6.96,5.6993,0.48704,1,3,12,2,540,-94.057,0.32,0.36,0.91275,0.16552,0.903,0.208,1.835,1.5283,1.831,1.53,0.001,0.003,698.97,741.21,0.19588,0.15884,0.91275,1.8408,0.20634,1.5283,0.32736,1.1328,0.4006,0.81519,accl,accl
16.8,6.99,5.7097,0.62857,1,3,12,3,540,270,0.32,0.41,0.90235,0.165,0.903,0.175,1.835,1.3919,1.831,1.363,0.007,0.003,700.72,741.96,0.20288,0.16184,0.90235,1.8304,0.20394,1.3919,0.30496,1.1328,0.4006,0.80289,accl,accl
16.86,7.02,5.7092,0.65036,1,3,12,3,540,270,0,0.41,0.90287,0.165,0.903,0.175,1.835,1.3702,1.831,1.363,0.006,0.003,702.22,742.71,0.20888,0.16484,0.90287,1.8309,0.18215,1.3702,0.30496,1.1328,0.4006,0.79059,accl,accl
16.89,7.05,5.9324,0.65734,1,3,12,3,540,270,0,0.44,0.67967,0.165,0.652,0.175,1.835,1.3632,1.816,1.363,-0.00067564,0.003,702.05,743.46,0.2082,0.16784,0.67967,1.8437,0.17517,1.3632,0.30496,1.1328,0.4006,0.77739,sync,accl
16.92,7.08,5.9516,0.83126,1,3,12,3,540,270,0,0.44,0.66041,0.165,0.652,0.168,1.835,1.1893,1.816,1.158,-0.00062487,0.003,701.89,744.21,0.20758,0.17084,0.66041,1.8244,0.19925,1.1893,0.30496,1.1328,0.4006,0.76419,sync,accl
16.95,7.11,5.9574,0.85477,1,3,12,3,540,270,0,0.44,0.65463,0.165,0.652,0.168,1.835,1.1657,1.816,1.158,-0.00057436,0.003,701.75,744.96,0.207,0.17384,0.65463,1.8186,0.17574,1.1657,0.30496,1.1328,0.4006,0.75099,sync,accl
16.99,7.14,5.9592,0.8622,1,3,12,3,540,270,0,0.45,0.65283,0.165,0.652,0.168,1.835,1.1583,1.816,1.158,-0.00069887,0.003,701.58,745.71,0.20631,0.17684,0.65283,1.8168,0.16831,1.1583,0.30496,1.1328,0.4006,0.73749,sync,accl
17.03,7.17,5.9598,0.86453,1,3,12,3,540,270,0,0.45,0.65222,0.165,0.652,0.168,1.835,1.156,1.816,1.158,-0.00062953,0.003,701.42,746.46,0.20568,0.17984,0.65222,1.8162,0.16598,1.156,0.30496,1.1328,0.4006,0.72399,sync,accl
17.06,7.19,5.96,1.052,1,4,12,3,540,270,0,0.45,0.65206,0.165,0.652,0.159,1.835,0.96852,1.816,0.934,-0.00042065,0.002,701.31,746.96,0.20526,0.18184,0.65206,1.8161,0.19352,0.96852,0.30496,1.1328,0.4006,0.71499,sync,accl
17.09,7.22,5.9609,1.0762,1,4,12,3,540,270,0.19,0.45,0.65114,0.165,0.652,0.159,1.835,0.94434,1.816,0.934,-0.00037152,0.003,701.22,747.71,0.20488,0.18484,0.65114,1.8151,0.16934,0.94434,0.29926,1.1328,0.4006,0.70149,sync,accl
17.12,7.25,5.9612,1.0852,1,4,12,3,540,270,0.19,0.42,0.65084,0.165,0.652,0.159,1.835,0.93529,1.816,0.934,-0.00033746,0.003,701.14,748.46,0.20455,0.18784,0.65084,1.8148,0.16029,0.93529,0.29356,1.1328,0.4006,0.68889,sync,accl
17.15,7.28,5.9621,1.0881,1,4,12,3,540,270,0.37,0.42,0.64989,0.165,0.652,0.159,1.835,0.93242,1.816,0.934,-0.00028907,0.003,701.06,749.21,0.20426,0.19084,0.64989,1.8139,0.15742,0.93242,0.28246,1.1328,0.4006,0.67629,sync,accl
17.18,7.31,5.9624,1.0887,1,4,12,3,540,270,0.37,0.37,0.6496,0.165,0.652,0.159,1.835,0.93176,1.816,0.934,-0.00024117,0.003,701,749.96,0.20402,0.19384,0.6496,1.8136,0.15676,0.93176,0.27136,1.1328,0.4006,0.66519,sync,accl
17.21,7.33,5.9625,1.0884,1,5,12,3,540,270,0.37,0.37,0.6495,0.165,0.652,0.159,1.835,0.93214,1.816,0.934,-0.0001938,0.002,700.96,750.46,0.20382,0.19584,0.6495,1.8135,0.15714,0.93214,0.26026,1.1328,0.4006,0.65779,sync,accl
17.25,7.36,0.59581,1.0891,1,5,3,3,270,270,0.42,0.34,0.165,0.165,0.21,0.159,1.5953,0.93141,1.476,0.934,-0.00019596,0.003,700.91,751.21,0.20363,0.19884,0.3293,1.5953,0.15641,0.93141,0.26026,1.116,0.4006,0.64759,sync,accl
17.28,7.39,0.51385,1.5828,1,5,3,4,270,-88.678,0.42,0.34,0.165,0.16921,0.21,0.23,1.5067,0.54217,1.476,0.484,-0.00011476,0.003,700.88,751.96,0.20351,0.20184,0.24066,1.5067,0.28817,0.54217,0.26026,1.1034,0.40083,0.6374,sync,accl
17.31,7.42,0.53706,1.5414,1,5,3,4,270,-88.678,0.44,0.31,0.165,0.16518,0.21,0.23,1.4835,0.50086,1.476,0.484,-6.89E-05,0.003,700.86,752.71,0.20344,0.20484,0.21745,1.4835,0.24686,0.50086,0.26026,1.0902,0.40105,0.6281,sync,accl
17.34,7.45,0.54424,1.5326,1,5,3,4,270,-88.678,0.44,0.31,0.165,0.16501,0.21,0.23,1.4763,0.48787,1.476,0.484,-2.37E-05,0.003,700.85,753.46,0.20342,0.20784,0.21027,1.4763,0.23387,0.48787,0.26026,1.077,0.40126,0.6188,sync,accl
17.37,7.47,0.72215,1.5362,1,6,3,4,270,-88.678,0.46,0.31,0.165,0.16505,0.179,0.23,1.2984,0.48426,1.262,0.484,2.09E-05,0.002,700.86,753.96,0.20344,0.20984,0.21536,1.2984,0.23026,0.48426,0.26026,1.0632,0.4014,0.6126,sync,accl
17.4,7.5,0.74926,1.69,1,6,3,3,270,270,0.46,0.33,0.165,0.165,0.179,0.324,1.2712,0.33047,1.262,0.319,6.48E-05,0.003,700.88,754.71,0.20351,0.21284,0.18825,1.2712,0.33547,0.33047,0.26026,1.0494,0.4014,0.6027,sync,accl
17.43,7.53,0.75777,1.6994,1,6,3,3,270,270,0.46,0.33,0.165,0.165,0.179,0.324,1.2627,0.32109,1.262,0.319,9.33E-05,0.003,700.9,755.46,0.2036,0.21584,0.17974,1.2627,0.32609,0.32109,0.26026,1.0356,0.4014,0.5928,sync,accl
17.46,7.56,0.76054,1.7023,1,6,3,3,270,270,0.48,0.3,0.165,0.165,0.179,0.324,1.26,0.31824,1.262,0.319,0.00013613,0.003,700.93,756.21,0.20373,0.21884,0.17697,1.26,0.32324,0.31824,0.26026,1.0212,0.4014,0.5838,sync,accl
17.49,7.59,0.76141,1.7032,1,6,3,3,270,270,0.48,0.3,0.165,0.165,0.179,0.324,1.2591,0.31735,1.262,0.319,0.00017821,0.003,700.98,756.96,0.20391,0.22184,0.1761,1.2591,0.32235,0.31735,0.26026,1.0068,0.4014,0.5748,sync,accl
17.52,7.62,0.76163,1.7037,1,6,3,3,270,270,0.47,0.36,0.165,0.165,0.179,0.324,1.2589,0.31679,1.262,0.319,0.00021957,0.003,701.03,757.71,0.20413,0.22484,0.17588,1.2589,0.32179,0.31679,0.26026,0.99274,0.4014,0.564,sync,accl
17.55,7.65,0.7617,1.7039,1,6,3,3,270,270,0.47,0.36,0.165,0.165,0.179,0.324,1.2588,0.31661,1.262,0.319,0.0002602,0.003,701.1,758.46,0.20439,0.22784,0.17581,1.2588,0.32161,0.31661,0.26026,0.97864,0.4014,0.5532,sync,accl
17.58,7.68,1.0144,1.704,1,6,3,3,270,270,0.17,0.36,0.165,0.165,0.176,0.324,1.0061,0.31656,0.96,0.319,0.00030008,0.003,701.17,759.21,0.20469,0.23084,0.22206,1.0061,0.32156,0.31656,0.26026,0.97354,0.4014,0.5424,sync,accl
17.61,7.71,1.0469,2.0679,1,6,3,6,270,360,0.17,0.4,0.165,0.51685,0.176,0.533,0.97366,0.165,0.96,0.22,0.00033921,0.003,701.26,759.96,0.20503,0.23384,0.18966,0.97366,0.51685,0.20385,0.26026,0.96844,0.4134,0.5424,sync,accl
17.64,7.74,1.0562,2.0808,1,6,3,6,270,360,0,0.4,0.165,0.52982,0.176,0.533,0.96429,0.165,0.96,0.22,0.00037758,0.003,701.35,760.71,0.20541,0.23684,0.18029,0.96429,0.52982,0.21682,0.26026,0.96844,0.4254,0.5424,sync,accl
17.67,7.77,1.0592,2.085,1,6,3,6,270,360,0,0.42,0.165,0.53398,0.176,0.533,0.96135,0.165,0.96,0.22,0.00041519,0.003,701.46,761.46,0.20582,0.23984,0.17735,0.96135,0.53398,0.22098,0.26026,0.96844,0.438,0.5424,sync,accl
17.69,7.8,1.3144,2.0863,1,6,3,6,270,360,0,0.42,0.165,0.53528,0.217,0.533,0.70613,0.165,0.666,0.22,0.00030135,0.003,701.53,762.21,0.20613,0.24284,0.25713,0.70613,0.53528,0.22228,0.26026,0.96844,0.4506,0.5424,sync,accl
17.72,7.83,1.3396,2.3028,1,6,3,6,270,360,0,0.45,0.165,0.75176,0.217,0.78,0.68094,0.165,0.666,0.171,0.00049064,0.003,701.65,762.96,0.20662,0.24584,0.23194,0.68094,0.75176,0.14276,0.26026,0.96844,0.4641,0.5424,sync,accl
17.75,7.86,1.3497,2.3243,1,6,3,6,270,360,0,0.45,0.165,0.77326,0.217,0.78,0.67078,0.165,0.666,0.171,0.00052591,0.003,701.79,763.71,0.20714,0.24884,0.22178,0.67078,0.77326,0.16426,0.26026,0.96844,0.4776,0.5424,sync,accl
17.78,7.89,1.353,2.3311,1,6,3,6,270,360,0,0.46,0.165,0.78005,0.217,0.78,0.6675,0.165,0.666,0.171,0.00056041,0.003,701.93,764.46,0.2077,0.25184,0.2185,0.6675,0.78005,0.17105,0.26026,0.96844,0.4914,0.5424,sync,accl
17.82,7.92,2.1987,2.3332,1,6,6,6,360,360,0,0.46,0.33227,0.78218,0.307,0.78,0.165,0.165,0.418,0.171,0.004,0.003,702.93,765.21,0.2117,0.25484,0.33227,0.44327,0.78218,0.17318,0.26026,0.96844,0.5052,0.5424,accl,accl
17.83,7.94,2.2172,2.566,1,7,6,6,360,360,0,0.47,0.31386,1.0149,0.307,1.055,0.165,0.165,0.418,0.165,0.001,0.002,703.18,765.71,0.2127,0.25684,0.31386,0.42486,1.0149,0.12495,0.26026,0.96844,0.5146,0.5424,accl,accl
17.85,7.97,2.2191,2.5937,1,7,6,6,360,360,0.42,0.47,0.31196,1.0427,0.307,1.055,0.165,0.165,0.418,0.165,0.00039618,0.003,703.27,766.46,0.2131,0.25984,0.31196,0.42296,1.0427,0.15271,0.26866,0.96844,0.5287,0.5424,sync,accl
17.89,8,2.0144,2.6043,1,7,5,6,-7.552,360,0.4,0.47,0.46826,1.0533,0.455,1.055,0.16573,0.165,0.226,0.165,0.00082099,0.003,703.48,767.21,0.21392,0.26284,0.46826,0.23926,1.0533,0.16333,0.28452,0.96634,0.5428,0.5424,sync,accl
17.92,8.03,2.0067,2.6075,1,7,5,6,-7.552,360,0.4,0.42,0.46011,1.0565,0.455,1.055,0.16638,0.165,0.226,0.165,0.00064394,0.003,703.64,767.96,0.21456,0.26584,0.46011,0.23111,1.0565,0.16645,0.29642,0.96476,0.5554,0.5424,sync,accl
17.95,8.05,2.0049,2.8488,1,8,5,6,-7.552,360,0.4,0.42,0.45819,1.2977,0.455,1.344,0.16656,0.165,0.226,0.182,0.00067495,0.002,703.81,768.46,0.21524,0.26784,0.45819,0.22919,1.2977,0.13575,0.30831,0.96319,0.5638,0.5424,sync,accl
17.98,8.08,2.0044,2.8798,1,8,5,6,-7.552,360,0.42,0.35,0.4577,1.3287,0.455,1.344,0.16661,0.165,0.226,0.182,0.00070524,0.003,703.99,769.21,0.21594,0.27084,0.4577,0.2287,1.3287,0.16673,0.3208,0.96153,0.5743,0.5424,sync,accl
18.01,8.11,2.189,2.8918,1,8,6,6,360,360,0.42,0.35,0.63797,1.3408,0.659,1.344,0.165,0.165,0.174,0.182,0.00072092,0.003,704.17,769.96,0.21667,0.27384,0.63797,0.15297,1.3408,0.1788,0.3334,0.96153,0.5848,0.5424,sync,accl
18.04,8.14,2.2055,2.8957,1,8,6,6,360,360,0.44,0.35,0.65447,1.3446,0.659,1.344,0.165,0.165,0.174,0.182,0.00075008,0.003,704.35,770.71,0.21742,0.27684,0.65447,0.16947,1.3446,0.18264,0.3466,0.96153,0.5953,0.5424,sync,accl
18.07,8.17,2.2107,3.0639,1,8,6,7,360,9.7978,0.44,0.32,0.65965,1.5129,0.659,1.553,0.165,0.16501,0.174,0.241,0.00077854,0.003,704.55,771.46,0.21819,0.27984,0.65965,0.17465,1.5129,0.20088,0.3598,0.96153,0.60476,0.54404,sync,accl
18.1,8.19,2.2123,3.0926,1,9,6,7,360,9.7978,0.44,0.32,0.66128,1.5416,0.659,1.553,0.165,0.16654,0.174,0.241,0.0008063,0.002,704.75,771.96,0.219,0.28184,0.66128,0.17628,1.5416,0.22957,0.373,0.96153,0.61107,0.54513,sync,accl
18.13,8.22,2.2129,3.102,1,9,6,7,360,9.7978,0.46,0.33,0.66188,1.5509,0.659,1.553,0.165,0.16758,0.174,0.241,0.00083338,0.003,704.96,772.71,0.21983,0.28484,0.66188,0.17688,1.5509,0.23887,0.3868,0.96153,0.62083,0.54681,sync,accl
18.16,8.25,2.2131,3.2133,1,9,6,6,360,360,0.46,0.33,0.66207,1.6623,0.659,1.702,0.165,0.165,0.174,0.346,0.00084615,0.003,705.17,773.46,0.22068,0.28784,0.66207,0.17707,1.6623,0.3063,0.4006,0.96153,0.63073,0.54681,sync,accl
18.19,8.28,2.2131,3.2419,1,9,6,6,360,360,0.46,0.29,0.66213,1.6909,0.659,1.702,0.165,0.165,0.174,0.346,0.00087218,0.003,705.39,774.21,0.22155,0.29084,0.66213,0.17713,1.6909,0.33488,0.4144,0.96153,0.63943,0.54681,sync,accl
18.22,8.31,2.4623,3.2509,1,9,6,6,360,360,0.46,0.29,0.91132,1.6999,0.954,1.702,0.165,0.165,0.171,0.346,0.00089756,0.003,705.61,774.96,0.22245,0.29384,0.91132,0.12832,1.6999,0.34388,0.4282,0.96153,0.64813,0.54681,sync,accl
18.25,8.34,2.4934,3.254,1,9,6,6,360,360,0.38,0.35,0.94239,1.703,0.954,1.702,0.165,0.165,0.171,0.346,0.00092229,0.003,705.84,775.71,0.22337,0.29684,0.94239,0.15939,1.703,0.34698,0.4396,0.96153,0.65863,0.54681,sync,accl
18.28,8.37,2.5032,3.606,1,9,6,9,360,450,0.38,0.35,0.95215,1.835,0.954,1.79,0.165,0.45555,0.171,0.49,0.00094639,0.003,706.08,776.46,0.22432,0.29984,0.95215,0.16915,1.7555,0.45555,0.451,0.96153,0.65863,0.55731,sync,accl
18.32,8.4,2.5044,3.5805,1,9,6,9,360,450,0,0.4,0.95342,1.835,0.954,1.79,0.165,0.48107,0.171,0.49,0.0012931,0.003,706.4,777.21,0.22561,0.30284,0.95342,0.17042,1.7811,0.48107,0.451,0.96153,0.65863,0.56931,sync,accl
18.36,8.43,2.7599,3.5724,1,9,6,9,360,450,0,0.4,1.2089,1.835,1.253,1.79,0.165,0.48908,0.196,0.49,0.001316,0.003,706.73,777.96,0.22693,0.30584,1.2089,0.15189,1.7891,0.48908,0.451,0.96153,0.65863,0.58131,sync,accl
18.39,8.46,2.7922,3.7286,1,9,6,9,360,450,0,0.42,1.2412,1.835,1.253,1.826,0.165,0.64707,0.196,0.681,0.0010035,0.003,706.98,778.71,0.22793,0.30884,1.2412,0.18417,1.7921,0.64707,0.451,0.96153,0.65863,0.59391,sync,accl
18.42,8.49,2.8004,3.7539,1,9,6,9,360,450,0,0.42,1.2493,1.835,1.253,1.826,0.165,0.67233,0.196,0.681,0.0010254,0.003,707.24,779.46,0.22896,0.31184,1.2493,0.19234,1.8173,0.67233,0.451,0.96153,0.65863,0.60651,sync,accl
18.45,8.53,2.8029,3.7625,1,9,6,9,360,450,0.01,0.43,1.2519,1.835,1.253,1.826,0.165,0.68098,0.196,0.681,0.0010467,0.004,707.5,780.46,0.23,0.31584,1.2519,0.1949,1.826,0.68098,0.4513,0.96153,0.65863,0.62371,sync,accl
18.49,8.56,3.1033,3.7643,1,9,7,9,1.9012,450,0.01,0.43,1.4678,1.835,1.518,1.826,0.16775,0.68274,0.249,0.681,0.0014232,0.003,707.86,781.21,0.23143,0.31884,1.4678,0.19882,1.8277,0.68274,0.4517,0.96154,0.65863,0.63661,sync,accl
18.52,8.59,3.0662,3.9419,1,9,7,9,1.9012,450,0.1,0.43,1.5048,1.835,1.518,1.83,0.16504,0.8604,0.249,0.891,0.0010942,0.003,708.13,781.96,0.23252,0.32184,1.5048,0.23581,1.7994,0.8604,0.4547,0.96164,0.65863,0.64951,sync,accl
18.54,8.62,3.0653,3.9649,1,9,7,9,1.9012,450,0.1,0.42,1.5142,1.835,1.518,1.83,0.16503,0.88338,0.249,0.891,0.00074245,0.003,708.32,782.71,0.23326,0.32484,1.5142,0.24523,1.8224,0.88338,0.4567,0.96171,0.65863,0.66211,sync,accl
18.58,8.65,3.3603,3.9721,1,9,8,9,56.248,450,0.41,0.42,1.7687,1.835,1.724,1.83,0.29333,0.89059,0.347,0.891,0.0015189,0.003,708.7,783.46,0.23478,0.32784,1.6703,0.29333,1.8296,0.89059,0.46581,0.97535,0.65863,0.67471,sync,accl
18.61,8.68,3.4092,3.9744,1,9,8,9,56.248,450,0.41,0.43,1.7954,1.835,1.724,1.83,0.33456,0.89289,0.347,0.891,0.0011507,0.003,708.98,784.21,0.23593,0.33084,1.7116,0.33456,1.8319,0.89289,0.47265,0.98557,0.65863,0.68761,sync,accl
18.65,8.71,3.4227,4.1712,1,10,8,9,56.248,450,0.41,0.43,1.8017,1.835,1.724,1.838,0.34667,1.0896,0.347,1.125,0.0015582,0.003,709.37,784.96,0.23749,0.33384,1.7237,0.34667,1.8026,1.0896,0.48176,0.99921,0.65863,0.70051,sync,accl
18.69,8.74,3.4261,4.1974,1,10,8,9,56.248,450,0.39,0.41,1.8032,1.835,1.724,1.838,0.34984,1.1158,0.347,1.125,0.0015722,0.003,709.77,785.71,0.23906,0.33684,1.7268,0.34984,1.8288,1.1158,0.49042,1.0122,0.65863,0.71281,sync,accl
18.72,8.77,3.5785,4.2056,1,10,9,9,450,450,0.39,0.41,1.835,1.835,1.799,1.838,0.48302,1.1241,0.513,1.125,0.0011893,0.003,710.06,786.46,0.24025,0.33984,1.769,0.48302,1.8371,1.1241,0.49042,1.0239,0.65863,0.72511,sync,accl
18.75,8.81,3.5872,4.2084,1,10,9,9,450,450,0.42,0.35,1.835,1.835,1.799,1.838,0.50567,1.1269,0.513,1.125,0.001206,0.004,710.36,787.46,0.24146,0.34384,1.7917,0.50567,1.8399,1.1269,0.49042,1.0365,0.65863,0.73911,sync,accl
